Workbook

Sheet Graphs
A1: Factor1 | B1: 0.5
A2: Factor2 | B2: 0.05

Sheet 400K_SR10
A1: Config1 | N1: Config2 | AA1: Config3 | AN1: Pstrain | AO1: Total | AP1: Totalmin | AQ1: Totalmax | AR1: Junction | AS1: Junctionmin | AT1: Junctionmax
A2: 0.000201725 | B2: 0.000422716 | C2: 19784300000000 | D2: 2074680000 | E2: 0 | F2: 0 | G2: 2 | H2: 5327440000000 | I2: 4581790000000 | J2: 4561620000000 | K2: 4620780000000 | L2: 692685000000 | N2: 0.000198126 | O2: 0.000407161 | P2: 19784600000000 | Q2: 1364640000 | R2: 0 | S2: 0 | T2: 2 | U2: 5437170000000 | V2: 4597220000000 | W2: 4650030000000 | X2: 4625750000000 | Y2: 474391000000 | AA2: 0.000189158 | AB2: 0.000435539 | AC2: 19901100000000 | AD2: 398723000 | AE2: 0 | AF2: 0 | AG2: 2 | AH2: 5406520000000 | AI2: 4612180000000 | AJ2: 4663520000000 | AK2: 4650010000000 | AL2: 568832000000 | AN2: =A2 -> 0.000201725 | AO2: =(C2+P2+AC2)/3 -> 1.9823333e+13 | AP2: =MIN(C2,P2,AC2) -> 19784300000000 | AQ2: =MAX(C2,P2,AC2) -> 19901100000000 | AR2: =(L2+Y2+AL2)/3 -> 578636000000 | AS2: =MIN(L2,Y2,AL2) -> 474391000000 | AT2: =MAX(L2,Y2,AL2) -> 692685000000
A3: 0.0010314 | B3: 0.00132838 | C3: 20013800000000 | D3: 225095000 | E3: 0 | F3: 0 | G3: 2 | H3: 5297230000000 | I3: 4484640000000 | J3: 4532790000000 | K3: 4538610000000 | L3: 1160500000000 | N3: 0.000988084 | O3: 0.00126713 | P3: 19868900000000 | Q3: 632835000 | R3: 0 | S3: 0 | T3: 2 | U3: 5405230000000 | V3: 4465940000000 | W3: 4532880000000 | X3: 4541970000000 | Y3: 922859000000 | AA3: 0.000960296 | AB3: 0.0013579 | AC3: 20535200000000 | AD3: 220653000 | AE3: 0 | AF3: 0 | AG3: 2 | AH3: 5273730000000 | AI3: 4269380000000 | AJ3: 4408490000000 | AK3: 4420210000000 | AL3: 2163370000000 | AN3: =A3 -> 0.0010314 | AO3: =(C3+P3+AC3)/3 -> 20139300000000 | AP3: =MIN(C3,P3,AC3) -> 19868900000000 | AQ3: =MAX(C3,P3,AC3) -> 20535200000000 | AR3: =(L3+Y3+AL3)/3 -> 1.4155763e+12 | AS3: =MIN(L3,Y3,AL3) -> 922859000000 | AT3: =MAX(L3,Y3,AL3) -> 2163370000000
A4: 0.0019802 | B4: 0.00230752 | C4: 20141200000000 | D4: 378395000 | E4: 0 | F4: 0 | G4: 2 | H4: 5250520000000 | I4: 4441070000000 | J4: 4502860000000 | K4: 4458200000000 | L4: 1488500000000 | N4: 0.00203421 | O4: 0.00229227 | P4: 19865500000000 | Q4: 1197830000 | R4: 0 | S4: 0 | T4: 2 | U4: 5392860000000 | V4: 4372260000000 | W4: 4422630000000 | X4: 4573730000000 | Y4: 1104000000000 | AA4: 0.00199204 | AB4: 0.00240817 | AC4: 20792600000000 | AD4: 321967000 | AE4: 0 | AF4: 0 | AG4: 2 | AH4: 5061140000000 | AI4: 4144840000000 | AJ4: 4152770000000 | AK4: 4264250000000 | AL4: 3169600000000 | AN4: =A4 -> 0.0019802 | AO4: =(C4+P4+AC4)/3 -> 2.0266433e+13 | AP4: =MIN(C4,P4,AC4) -> 19865500000000 | AQ4: =MAX(C4,P4,AC4) -> 20792600000000 | AR4: =(L4+Y4+AL4)/3 -> 1920700000000 | AS4: =MIN(L4,Y4,AL4) -> 1104000000000 | AT4: =MAX(L4,Y4,AL4) -> 3169600000000
A5: 0.00301019 | B5: 0.0033391 | C5: 20018700000000 | D5: 349721000 | E5: 0 | F5: 0 | G5: 2 | H5: 5102480000000 | I5: 4267940000000 | J5: 4316440000000 | K5: 4290430000000 | L5: 2041400000000 | N5: 0.0030135 | O5: 0.00331924 | P5: 19927700000000 | Q5: 803691000 | R5: 0 | S5: 0 | T5: 2 | U5: 5231050000000 | V5: 4258890000000 | W5: 4204050000000 | X5: 4391270000000 | Y5: 1842420000000 | AA5: 0.0029811 | AB5: 0.00343351 | AC5: 20523100000000 | AD5: 183026000 | AE5: 0 | AF5: 0 | AG5: 2 | AH5: 4985290000000 | AI5: 3887750000000 | AJ5: 3937340000000 | AK5: 3602020000000 | AL5: 4110600000000 | AN5: =A5 -> 0.00301019 | AO5: =(C5+P5+AC5)/3 -> 20156500000000 | AP5: =MIN(C5,P5,AC5) -> 19927700000000 | AQ5: =MAX(C5,P5,AC5) -> 20523100000000 | AR5: =(L5+Y5+AL5)/3 -> 2.6648067e+12 | AS5: =MIN(L5,Y5,AL5) -> 1842420000000 | AT5: =MAX(L5,Y5,AL5) -> 4110600000000
A6: 0.00399264 | B6: 0.00430762 | C6: 19956900000000 | D6: 709843000 | E6: 0 | F6: 0 | G6: 2 | H6: 4960940000000 | I6: 4161020000000 | J6: 4239450000000 | K6: 4084390000000 | L6: 2511110000000 | N6: 0.00400784 | O6: 0.00433181 | P6: 20040800000000 | Q6: 210134000 | R6: 0 | S6: 0 | T6: 2 | U6: 5041320000000 | V6: 4188310000000 | W6: 4324730000000 | X6: 4223450000000 | Y6: 2262940000000 | AA6: 0.00400162 | AB6: 0.00443568 | AC6: 20590700000000 | AD6: 376490000 | AE6: 0 | AF6: 0 | AG6: 2 | AH6: 4961840000000 | AI6: 4206250000000 | AJ6: 3897760000000 | AK6: 3746000000000 | AL6: 3778700000000 | AN6: =A6 -> 0.00399264 | AO6: =(C6+P6+AC6)/3 -> 2.0196133e+13 | AP6: =MIN(C6,P6,AC6) -> 19956900000000 | AQ6: =MAX(C6,P6,AC6) -> 20590700000000 | AR6: =(L6+Y6+AL6)/3 -> 2.8509167e+12 | AS6: =MIN(L6,Y6,AL6) -> 2262940000000 | AT6: =MAX(L6,Y6,AL6) -> 3778700000000
A7: 0.00497829 | B7: 0.00533422 | C7: 20067900000000 | D7: 604516000 | E7: 0 | F7: 0 | G7: 2 | H7: 4966450000000 | I7: 4089530000000 | J7: 4173280000000 | K7: 4027520000000 | L7: 2811000000000 | N7: 0.00500666 | O7: 0.00532555 | P7: 20001800000000 | Q7: 397202000 | R7: 0 | S7: 0 | T7: 2 | U7: 4954620000000 | V7: 4066150000000 | W7: 4281820000000 | X7: 4118610000000 | Y7: 2580570000000 | AA7: 0.00501609 | AB7: 0.00540544 | AC7: 20211400000000 | AD7: 597070000 | AE7: 0 | AF7: 0 | AG7: 2 | AH7: 4826070000000 | AI7: 3901110000000 | AJ7: 3708390000000 | AK7: 3794610000000 | AL7: 3980490000000 | AN7: =A7 -> 0.00497829 | AO7: =(C7+P7+AC7)/3 -> 20093700000000 | AP7: =MIN(C7,P7,AC7) -> 20001800000000 | AQ7: =MAX(C7,P7,AC7) -> 20211400000000 | AR7: =(L7+Y7+AL7)/3 -> 3124020000000 | AS7: =MIN(L7,Y7,AL7) -> 2580570000000 | AT7: =MAX(L7,Y7,AL7) -> 3980490000000
A8: 0.00597872 | B8: 0.00635327 | C8: 20243500000000 | D8: 292155000 | E8: 0 | F8: 0 | G8: 2 | H8: 5069240000000 | I8: 4121010000000 | J8: 4177620000000 | K8: 4120440000000 | L8: 2755070000000 | N8: 0.00598976 | O8: 0.00629911 | P8: 19809000000000 | Q8: 316074000 | R8: 0 | S8: 0 | T8: 2 | U8: 5014060000000 | V8: 4026610000000 | W8: 4122060000000 | X8: 3930940000000 | Y8: 2715360000000 | AA8: 0.00601132 | AB8: 0.00643712 | AC8: 20453100000000 | AD8: 796153000 | AE8: 0 | AF8: 0 | AG8: 2 | AH8: 4675950000000 | AI8: 3953360000000 | AJ8: 3781480000000 | AK8: 4068200000000 | AL8: 3973980000000 | AN8: =A8 -> 0.00597872 | AO8: =(C8+P8+AC8)/3 -> 2.0168533e+13 | AP8: =MIN(C8,P8,AC8) -> 19809000000000 | AQ8: =MAX(C8,P8,AC8) -> 20453100000000 | AR8: =(L8+Y8+AL8)/3 -> 3.1481367e+12 | AS8: =MIN(L8,Y8,AL8) -> 2715360000000 | AT8: =MAX(L8,Y8,AL8) -> 3973980000000
A9: 0.00702629 | B9: 0.00740712 | C9: 20216500000000 | D9: 703006000 | E9: 0 | F9: 0 | G9: 2 | H9: 4898880000000 | I9: 4089060000000 | J9: 3927020000000 | K9: 3905460000000 | L9: 3396060000000 | N9: 0.00702113 | O9: 0.00734609 | P9: 19852600000000 | Q9: 335786000 | R9: 0 | S9: 0 | T9: 2 | U9: 5037310000000 | V9: 4039810000000 | W9: 4220710000000 | X9: 4098080000000 | Y9: 2456740000000 | AA9: 0.00710354 | AB9: 0.00753921 | AC9: 20597800000000 | AD9: 166069000 | AE9: 0 | AF9: 0 | AG9: 2 | AH9: 4700070000000 | AI9: 3851210000000 | AJ9: 3797160000000 | AK9: 3848270000000 | AL9: 4401000000000 | AN9: =A9 -> 0.00702629 | AO9: =(C9+P9+AC9)/3 -> 20222300000000 | AP9: =MIN(C9,P9,AC9) -> 19852600000000 | AQ9: =MAX(C9,P9,AC9) -> 20597800000000 | AR9: =(L9+Y9+AL9)/3 -> 3.4179333e+12 | AS9: =MIN(L9,Y9,AL9) -> 2456740000000 | AT9: =MAX(L9,Y9,AL9) -> 4401000000000
A10: 0.0079974 | B10: 0.00842568 | C10: 20328900000000 | D10: 506835000 | E10: 0 | F10: 0 | G10: 2 | H10: 4547080000000 | I10: 4006850000000 | J10: 3668750000000 | K10: 3547230000000 | L10: 4558870000000 | N10: 0.00800662 | O10: 0.00835702 | P10: 20078500000000 | Q10: 414348000 | R10: 0 | S10: 0 | T10: 2 | U10: 5135530000000 | V10: 4202790000000 | W10: 4332540000000 | X10: 4140970000000 | Y10: 2266650000000 | AA10: 0.00802118 | AB10: 0.00848847 | AC10: 20718800000000 | AD10: 335073000 | AE10: 0 | AF10: 0 | AG10: 2 | AH10: 4684190000000 | AI10: 3957160000000 | AJ10: 3522380000000 | AK10: 3564600000000 | AL10: 4989940000000 | AN10: =A10 -> 0.0079974 | AO10: =(C10+P10+AC10)/3 -> 20375400000000 | AP10: =MIN(C10,P10,AC10) -> 20078500000000 | AQ10: =MAX(C10,P10,AC10) -> 20718800000000 | AR10: =(L10+Y10+AL10)/3 -> 3.9384867e+12 | AS10: =MIN(L10,Y10,AL10) -> 2266650000000 | AT10: =MAX(L10,Y10,AL10) -> 4989940000000
A11: 0.00901321 | B11: 0.0094265 | C11: 20351000000000 | D11: 703777000 | E11: 0 | F11: 0 | G11: 2 | H11: 4667780000000 | I11: 3921700000000 | J11: 3700000000000 | K11: 3769040000000 | L11: 4292370000000 | N11: 0.00898227 | O11: 0.00939848 | P11: 20405000000000 | Q11: 274152000 | R11: 0 | S11: 0 | T11: 2 | U11: 5153770000000 | V11: 4130460000000 | W11: 4362180000000 | X11: 4151580000000 | Y11: 2606990000000 | AA11: 0.00904358 | AB11: 0.00947837 | AC11: 20692400000000 | AD11: 378981000 | AE11: 0 | AF11: 0 | AG11: 2 | AH11: 4736060000000 | AI11: 4052820000000 | AJ11: 3563180000000 | AK11: 3500640000000 | AL11: 4839440000000 | AN11: =A11 -> 0.00901321 | AO11: =(C11+P11+AC11)/3 -> 20482800000000 | AP11: =MIN(C11,P11,AC11) -> 20351000000000 | AQ11: =MAX(C11,P11,AC11) -> 20692400000000 | AR11: =(L11+Y11+AL11)/3 -> 3.9129333e+12 | AS11: =MIN(L11,Y11,AL11) -> 2606990000000 | AT11: =MAX(L11,Y11,AL11) -> 4839440000000
A12: 0.010019 | B12: 0.010448 | C12: 20243400000000 | D12: 208817000 | E12: 0 | F12: 0 | G12: 2 | H12: 4577750000000 | I12: 4039750000000 | J12: 3754690000000 | K12: 3822210000000 | L12: 4048940000000 | N12: 0.00999001 | O12: 0.0104295 | P12: 20574700000000 | Q12: 262144000 | R12: 0 | S12: 0 | T12: 2 | U12: 4792430000000 | V12: 4067420000000 | W12: 4110050000000 | X12: 4085370000000 | Y12: 3519420000000 | AA12: 0.00998583 | AB12: 0.0104635 | AC12: 21155200000000 | AD12: 595902000 | AE12: 0 | AF12: 0 | AG12: 2 | AH12: 4783860000000 | AI12: 4042480000000 | AJ12: 3387220000000 | AK12: 3347530000000 | AL12: 5594000000000 | AN12: =A12 -> 0.010019 | AO12: =(C12+P12+AC12)/3 -> 2.0657767e+13 | AP12: =MIN(C12,P12,AC12) -> 20243400000000 | AQ12: =MAX(C12,P12,AC12) -> 21155200000000 | AR12: =(L12+Y12+AL12)/3 -> 4.3874533e+12 | AS12: =MIN(L12,Y12,AL12) -> 3519420000000 | AT12: =MAX(L12,Y12,AL12) -> 5594000000000
A13: 0.0110126 | B13: 0.011473 | C13: 20606900000000 | D13: 240015000 | E13: 0 | F13: 0 | G13: 2 | H13: 4822960000000 | I13: 3777890000000 | J13: 3905960000000 | K13: 3707370000000 | L13: 4392630000000 | N13: 0.0109735 | O13: 0.0114089 | P13: 20428100000000 | Q13: 221355000 | R13: 0 | S13: 0 | T13: 2 | U13: 4896110000000 | V13: 4129470000000 | W13: 3892850000000 | X13: 4037530000000 | Y13: 3472150000000 | AA13: 0.0109949 | AB13: 0.011468 | AC13: 21352900000000 | AD13: 314469000 | AE13: 0 | AF13: 0 | AG13: 2 | AH13: 4542340000000 | AI13: 4209810000000 | AJ13: 3238210000000 | AK13: 3465830000000 | AL13: 5896370000000 | AN13: =A13 -> 0.0110126 | AO13: =(C13+P13+AC13)/3 -> 2.0795967e+13 | AP13: =MIN(C13,P13,AC13) -> 20428100000000 | AQ13: =MAX(C13,P13,AC13) -> 21352900000000 | AR13: =(L13+Y13+AL13)/3 -> 4587050000000 | AS13: =MIN(L13,Y13,AL13) -> 3472150000000 | AT13: =MAX(L13,Y13,AL13) -> 5896370000000
... A49: 0.0469861 | B49: 0.0474074 | C49: 20055900000000 | D49: 624894000 | E49: 0 | F49: 0 | G49: 2 | H49: 4137410000000 | I49: 3178900000000 | J49: 3526860000000 | K49: 3261860000000 | L49: 5950570000000 | N49: 0.0470029 | O49: 0.0472804 | P49: 18674800000000 | Q49: 531971000 | R49: 0 | S49: 0 | T49: 2 | U49: 3385060000000 | V49: 2541780000000 | W49: 2646060000000 | X49: 2576790000000 | Y49: 7525000000000 | AA49: 0.0469977 | AB49: 0.0474296 | AC49: 20796600000000 | AD49: 241896000 | AE49: 0 | AF49: 0 | AG49: 2 | AH49: 5025650000000 | AI49: 3980130000000 | AJ49: 3998410000000 | AK49: 4016110000000 | AL49: 3776280000000 | AN49: =A49 -> 0.0469861 | AO49: =(C49+P49+AC49)/3 -> 1.9842433e+13 | AP49: =MIN(C49,P49,AC49) -> 18674800000000 | AQ49: =MAX(C49,P49,AC49) -> 20796600000000 | AR49: =(L49+Y49+AL49)/3 -> 5.7506167e+12 | AS49: =MIN(L49,Y49,AL49) -> 3776280000000 | AT49: =MAX(L49,Y49,AL49) -> 7525000000000
A50: 0.0479583 | B50: 0.0483923 | C50: 20286000000000 | D50: 528429000 | E50: 0 | F50: 0 | G50: 2 | H50: 4104900000000 | I50: 3449000000000 | J50: 3535760000000 | K50: 3323460000000 | L50: 5872500000000 | AA50: 0.0480466 | AB50: 0.0484929 | AC50: 20850100000000 | AD50: 245680000 | AE50: 0 | AF50: 0 | AG50: 2 | AH50: 4881040000000 | AI50: 4072800000000 | AJ50: 3723700000000 | AK50: 4015840000000 | AL50: 4156430000000
A51: 0.0489754 | B51: 0.0494256 | C51: 20281600000000 | D51: 495288000 | E51: 0 | F51: 0 | G51: 2 | H51: 4121650000000 | I51: 3157860000000 | J51: 3424170000000 | K51: 3218360000000 | L51: 6355790000000 | AA51: 0.049015 | AB51: 0.0494472 | AC51: 20829100000000 | AD51: 603963000 | AE51: 0 | AF51: 0 | AG51: 2 | AH51: 4955950000000 | AI51: 3927990000000 | AJ51: 3513670000000 | AK51: 3696200000000 | AL51: 4735150000000
A52: 0.0499946 | B52: 0.0504531 | C52: 20058400000000 | D52: 292716000 | E52: 0 | F52: 0 | G52: 2 | H52: 3979580000000 | I52: 3205280000000 | J52: 3357560000000 | K52: 3145460000000 | L52: 6370130000000 | AA52: 0.05004 | AB52: 0.0504657 | AC52: 21085600000000 | AD52: 358860000 | AE52: 0 | AF52: 0 | AG52: 2 | AH52: 5008270000000 | AI52: 3826160000000 | AJ52: 3464520000000 | AK52: 3950270000000 | AL52: 4836230000000
AA53: 0.0510182 | AB53: 0.051458 | AC53: 20532900000000 | AD53: 867616000 | AE53: 0 | AF53: 0 | AG53: 2 | AH53: 4106630000000 | AI53: 3698850000000 | AJ53: 3519840000000 | AK53: 3331490000000 | AL53: 5875840000000
AA54: 0.0520225 | AB54: 0.0524518 | AC54: 20416600000000 | AD54: 673243000 | AE54: 0 | AF54: 0 | AG54: 2 | AH54: 4120460000000 | AI54: 3418490000000 | AJ54: 3290140000000 | AK54: 3221010000000 | AL54: 6366250000000
AA55: 0.0527637 | AB55: 0.0531927 | AC55: 20359200000000 | AD55: 339564000 | AE55: 0 | AF55: 0 | AG55: 2 | AH55: 4603150000000 | AI55: 3639700000000 | AJ55: 3150010000000 | AK55: 3548760000000 | AL55: 5417430000000

Sheet 400K_SR10_Stress
A1: Config 1 | D1: Config 2 | G1: Config4 | J1: AverageValue of Last 2.5-3%
A2: 0.000201725 | B2: 46376300 | D2: 0.000198126 | E2: 43867500 | G2: 0.000189158 | H2: 51704800 | K2: TotalStress | L2: RhoI | M2: Rho | N2: TauF1 | O2: TauF2 | P2: TauF | Q2: Tau | R2: Tau/TauF | S2: RhoI/Rho
A3: 0.0010314 | B3: 62324200 | D3: 0.000988084 | E3: 58560500 | G3: 0.000960296 | H3: 83440100 | J3: Config1 | K3: =AVERAGE(B28:B32)/1000000 -> 89.29032 | L3: =AVERAGE('400K_SR10'!L28:L32) -> 5880148000000 | M3: =AVERAGE('400K_SR10'!C28:C32) -> 20251720000000 | N3: =Graphs!$B$1*80.9*0.248*SQRT(L3)/1000000 -> 24.325643 | O3: =Graphs!$B$2*80.9*0.248*SQRT(M3)/1000000 -> 4.5144117 | P3: =SQRT(N3^2+O3^2) -> 24.740995 | Q3: =K3*0.4707 -> 42.028954 | R3: =Q3/P3 -> 1.6987576 | S3: =L3/M3 -> 0.29035302
A4: 0.0019802 | B4: 68689300 | D4: 0.00203421 | E4: 54155700 | G4: 0.00199204 | H4: 87327800 | J4: Config2 | K4: =AVERAGE(E28:E32)/1000000 -> 86.35624 | L4: =AVERAGE('400K_SR10'!Y28:Y32) -> 6780100000000 | M4: =AVERAGE('400K_SR10'!P28:P32) -> 19622720000000 | N4: =Graphs!$B$1*80.9*0.248*SQRT(L4)/1000000 -> 26.120907 | O4: =Graphs!$B$2*80.9*0.248*SQRT(M4)/1000000 -> 4.443752 | P4: =SQRT(N4^2+O4^2) -> 26.496202 | Q4: =K4*0.4707 -> 40.647882 | R4: =Q4/P4 -> 1.5341022 | S4: =L4/M4 -> 0.34552294
A5: 0.00301019 | B5: 69022800 | D5: 0.0030135 | E5: 64160200 | G5: 0.0029811 | H5: 94942400 | J5: Config4 | K5: =AVERAGE(H28:H32)/1000000 -> 92.06938 | L5: =AVERAGE('400K_SR10'!AL28:AL32) -> 4760780000000 | M5: =AVERAGE('400K_SR10'!AC28:AC32) -> 21211240000000 | N5: =Graphs!$B$1*80.9*0.248*SQRT(L5)/1000000 -> 21.88816 | O5: =Graphs!$B$2*80.9*0.248*SQRT(M5)/1000000 -> 4.6201198 | P5: =SQRT(N5^2+O5^2) -> 22.370451 | Q5: =K5*0.4707 -> 43.337057 | R5: =Q5/P5 -> 1.9372456 | S5: =L5/M5 -> 0.2244461
A6: 0.00399264 | B6: 66097900 | D6: 0.00400784 | E6: 67989200 | G6: 0.00400162 | H6: 91091000
A7: 0.00497829 | B7: 74695300 | D7: 0.00500666 | E7: 66921000 | G7: 0.00501609 | H7: 81708100
A8: 0.00597872 | B8: 78600600 | D8: 0.00598976 | E8: 64919600 | G8: 0.00601132 | H8: 89358000
A9: 0.00702629 | B9: 79916700 | D9: 0.00702113 | E9: 68194600 | G9: 0.00710354 | H9: 91430300
A10: 0.0079974 | B10: 89876800 | D10: 0.00800662 | E10: 73534400 | G10: 0.00802118 | H10: 98063400 | K10: TotalStress | L10: RhoI | M10: Rho | N10: TauF1 | O10: TauF2 | P10: TauF | Q10: Tau | R10: Tau/TauF | S10: RhoI/Rho
A11: 0.00901321 | B11: 86731500 | D11: 0.00898227 | E11: 87343400 | G11: 0.00904358 | H11: 91245400 | J11: Config1 | K11: =AVERAGE(B12:B16)/1000000 -> 94.37036 | L11: =AVERAGE('400K_SR10'!L12:L16) -> 4569306000000 | M11: =AVERAGE('400K_SR10'!C12:C16) -> 20488720000000 | N11: =Graphs!$B$1*80.9*0.248*SQRT(L11)/1000000 -> 21.443483 | O11: =Graphs!$B$2*80.9*0.248*SQRT(M11)/1000000 -> 4.5407503 | P11: =SQRT(N11^2+O11^2) -> 21.918973 | Q11: =K11*0.4707 -> 44.420128 | R11: =Q11/P11 -> 2.0265607 | S11: =L11/M11 -> 0.22301569
A12: 0.010019 | B12: 90015900 | D12: 0.00999001 | E12: 92227600 | G12: 0.00998583 | H12: 100254000 | J12: Config2 | K12: =AVERAGE(E12:E16)/1000000 -> 91.44112 | L12: =AVERAGE('400K_SR10'!Y12:Y16) -> 3620590000000 | M12: =AVERAGE('400K_SR10'!P12:P16) -> 20585040000000 | N12: =Graphs!$B$1*80.9*0.248*SQRT(L12)/1000000 -> 19.087976 | O12: =Graphs!$B$2*80.9*0.248*SQRT(M12)/1000000 -> 4.5514111 | P12: =SQRT(N12^2+O12^2) -> 19.623103 | Q12: =K12*0.4707 -> 43.041335 | R12: =Q12/P12 -> 2.1934011 | S12: =L12/M12 -> 0.17588453
A13: 0.0110126 | B13: 96619700 | D13: 0.0109735 | E13: 91369100 | G13: 0.0109949 | H13: 99287700 | J13: Config4 | K13: =AVERAGE(H12:H16)/1000000 -> 95.77348 | L13: =AVERAGE('400K_SR10'!AL12:AL16) -> 5796698000000 | M13: =AVERAGE('400K_SR10'!AC12:AC16) -> 21355680000000 | N13: =Graphs!$B$1*80.9*0.248*SQRT(L13)/1000000 -> 24.152414 | O13: =Graphs!$B$2*80.9*0.248*SQRT(M13)/1000000 -> 4.6358237 | P13: =SQRT(N13^2+O13^2) -> 24.593291 | Q13: =K13*0.4707 -> 45.080577 | R13: =Q13/P13 -> 1.8330437 | S13: =L13/M13 -> 0.27143589
A14: 0.0120309 | B14: 93811000 | D14: 0.0119855 | E14: 95143200 | G14: 0.0120428 | H14: 95545600
A15: 0.0130007 | B15: 95761900 | D15: 0.0130202 | E15: 85735200 | G15: 0.0130079 | H15: 90375800
A16: 0.0140228 | B16: 95643300 | D16: 0.0140046 | E16: 92730500 | G16: 0.0139963 | H16: 93404300
A17: 0.0149987 | B17: 96126500 | D17: 0.0150129 | E17: 96498100 | G17: 0.0150105 | H17: 102510000
A18: 0.0160003 | B18: 98195300 | D18: 0.0159849 | E18: 99397200 | G18: 0.0159918 | H18: 90405900
A19: 0.0169947 | B19: 93481500 | D19: 0.017002 | E19: 94830300 | G19: 0.0169953 | H19: 95584100
A20: 0.0180069 | B20: 90597600 | D20: 0.0180037 | E20: 100693000 | G20: 0.0179875 | H20: 100091000
A21: 0.0190033 | B21: 92279400 | D21: 0.0190219 | E21: 98947300 | G21: 0.0190178 | H21: 89594100
A22: 0.0199878 | B22: 97440700 | D22: 0.0200239 | E22: 92099400 | G22: 0.0200189 | H22: 79981200
A23: 0.0210526 | B23: 91810000 | D23: 0.0210344 | E23: 95491600 | G23: 0.0210033 | H23: 85780300
A24: 0.0220272 | B24: 86584900 | D24: 0.0220483 | E24: 86397100 | G24: 0.0220039 | H24: 88698100
A25: 0.0230008 | B25: 90634000 | D25: 0.0229973 | E25: 93152800 | G25: 0.0230299 | H25: 85462400
... A49: 0.0469861 | B49: 88399200 | D49: 0.0470029 | E49: 58229700 | G49: 0.0469977 | H49: 90636100
A50: 0.0479583 | B50: 91078300 | G50: 0.0480466 | H50: 93681700
A51: 0.0489754 | B51: 94474700 | G51: 0.049015 | H51: 90705300
A52: 0.0499946 | B52: 96228300 | G52: 0.05004 | H52: 89335800
G53: 0.0510182 | H53: 92287500
G54: 0.0520225 | H54: 90084100
G55: 0.0527637 | H55: 90019000

Sheet 400K_SR20_Stress
A1: Config 1 | D1: Config 2 | G1: Config3 | J1: AverageValue of Last 0.5%
A2: 0.000214671 | B2: 56263800 | D2: 0.000207118 | E2: 57153800 | G2: 0.000223905 | H2: 57141400 | K2: TotalStress | L2: RhoI | M2: Rho | N2: TauF1 | O2: TauF2 | P2: TauF | Q2: Tau | R2: Tau/TauF | S2: RhoI/Rho
A3: 0.000979536 | B3: 81516300 | D3: 0.00101975 | E3: 81812800 | G3: 0.00102224 | H3: 74603000 | J3: Config1 | K3: =AVERAGE(B28:B32)/1000000 -> 106.2344 | L3: =AVERAGE('400K_SR20'!L28:L32) -> 4341056000000 | M3: =AVERAGE('400K_SR20'!C28:C32) -> 21060120000000 | N3: =Graphs!$B$1*80.9*0.248*SQRT(L3)/1000000 -> 20.90104 | O3: =Graphs!$B$2*80.9*0.248*SQRT(M3)/1000000 -> 4.6036323 | P3: =SQRT(N3^2+O3^2) -> 21.402031 | Q3: =K3*0.4707 -> 50.004532 | R3: =Q3/P3 -> 2.3364387 | S3: =L3/M3 -> 0.20612684
A4: 0.00197987 | B4: 92883900 | D4: 0.00202976 | E4: 94538800 | G4: 0.00199238 | H4: 86249400 | J4: Config2 | K4: =AVERAGE(E28:E32)/1000000 -> 100.18022 | L4: =AVERAGE('400K_SR20'!Y28:Y32) -> 5103916000000 | M4: =AVERAGE('400K_SR20'!P28:P32) -> 21109080000000 | N4: =Graphs!$B$1*80.9*0.248*SQRT(L4)/1000000 -> 22.663238 | O4: =Graphs!$B$2*80.9*0.248*SQRT(M4)/1000000 -> 4.6089804 | P4: =SQRT(N4^2+O4^2) -> 23.12715 | Q4: =K4*0.4707 -> 47.15483 | R4: =Q4/P4 -> 2.0389382 | S4: =L4/M4 -> 0.2417877
A5: 0.00297193 | B5: 103305000 | D5: 0.0030084 | E5: 98387700 | G5: 0.00301052 | H5: 91386600 | J5: Config4 | K5: =AVERAGE(H28:H32)/1000000 -> 104.2784 | L5: =AVERAGE('400K_SR20'!AL28:AL32) -> 4007330000000 | M5: =AVERAGE('400K_SR20'!AC28:AC32) -> 21192760000000 | N5: =Graphs!$B$1*80.9*0.248*SQRT(L5)/1000000 -> 20.081574 | O5: =Graphs!$B$2*80.9*0.248*SQRT(M5)/1000000 -> 4.6181067 | P5: =SQRT(N5^2+O5^2) -> 20.605741 | Q5: =K5*0.4707 -> 49.083843 | R5: =Q5/P5 -> 2.382047 | S5: =L5/M5 -> 0.18908958
A6: 0.00397339 | B6: 100983000 | D6: 0.00400344 | E6: 90691500 | G6: 0.00398633 | H6: 98603200
A7: 0.00500065 | B7: 91066000 | D7: 0.00499299 | E7: 92490000 | G7: 0.00499157 | H7: 99848400
A8: 0.00594836 | B8: 99849700 | D8: 0.00599919 | E8: 99841600 | G8: 0.00598184 | H8: 100131000
A9: 0.00697824 | B9: 97951600 | D9: 0.00699065 | E9: 109162000 | G9: 0.00702116 | H9: 102970000
A10: 0.00802007 | B10: 97679900 | D10: 0.00798197 | E10: 97294700 | G10: 0.00800037 | H10: 106845000 | J10: Config1 | K10: =AVERAGE(B12:B16)/1000000 -> 105.8598 | L10: =AVERAGE('400K_SR20'!L12:L16) -> 4665850000000 | M10: =AVERAGE('400K_SR20'!C12:C16) -> 21184560000000 | N10: =Graphs!$B$1*80.9*0.248*SQRT(L10)/1000000 -> 21.668837 | O10: =Graphs!$B$2*80.9*0.248*SQRT(M10)/1000000 -> 4.6172132 | P10: =SQRT(N10^2+O10^2) -> 22.155296 | Q10: =K10*0.4707 -> 49.828208 | R10: =Q10/P10 -> 2.2490428 | S10: =L10/M10 -> 0.22024767
A11: 0.00900566 | B11: 104115000 | D11: 0.00896409 | E11: 104036000 | G11: 0.00897995 | H11: 107716000 | J11: Config2 | K11: =AVERAGE(E12:E16)/1000000 -> 103.65422 | L11: =AVERAGE('400K_SR20'!Y12:Y16) -> 4177888000000 | M11: =AVERAGE('400K_SR20'!P12:P16) -> 21163880000000 | N11: =Graphs!$B$1*80.9*0.248*SQRT(L11)/1000000 -> 20.504473 | O11: =Graphs!$B$2*80.9*0.248*SQRT(M11)/1000000 -> 4.6149591 | P11: =SQRT(N11^2+O11^2) -> 21.017403 | Q11: =K11*0.4707 -> 48.790041 | R11: =Q11/P11 -> 2.3214115 | S11: =L11/M11 -> 0.19740652
A12: 0.0099903 | B12: 105237000 | D12: 0.0100335 | E12: 104276000 | G12: 0.00992246 | H12: 105101000 | J12: Config4 | K12: =AVERAGE(H12:H16)/1000000 -> 103.3674 | L12: =AVERAGE('400K_SR20'!AL12:AL16) -> 3938012000000 | M12: =AVERAGE('400K_SR20'!AC12:AC16) -> 21127760000000 | N12: =Graphs!$B$1*80.9*0.248*SQRT(L12)/1000000 -> 19.907133 | O12: =Graphs!$B$2*80.9*0.248*SQRT(M12)/1000000 -> 4.6110192 | P12: =SQRT(N12^2+O12^2) -> 20.434174 | Q12: =K12*0.4707 -> 48.655035 | R12: =Q12/P12 -> 2.381062 | S12: =L12/M12 -> 0.18639042
A13: 0.0110013 | B13: 105309000 | D13: 0.0109727 | E13: 105351000 | G13: 0.0110035 | H13: 100783000
A14: 0.0120149 | B14: 108900000 | D14: 0.0119895 | E14: 103328000 | G14: 0.0119864 | H14: 104502000
A15: 0.0130014 | B15: 108628000 | D15: 0.0129959 | E15: 106347000 | G15: 0.0130056 | H15: 105302000
A16: 0.0140061 | B16: 101225000 | D16: 0.0140073 | E16: 98969100 | G16: 0.0140047 | H16: 101149000
A17: 0.0149829 | B17: 104601000 | D17: 0.0150149 | E17: 100759000 | G17: 0.0149778 | H17: 104714000
A18: 0.0160063 | B18: 96012600 | D18: 0.0160005 | E18: 98480100 | G18: 0.015973 | H18: 108941000
A19: 0.0169875 | B19: 99229400 | D19: 0.0169995 | E19: 103280000 | G19: 0.016993 | H19: 105498000
A20: 0.0180264 | B20: 99254600 | D20: 0.0180493 | E20: 105577000 | G20: 0.0180102 | H20: 105766000
A21: 0.0190506 | B21: 95242300 | D21: 0.0190446 | E21: 103330000 | G21: 0.0190019 | H21: 103877000
A22: 0.0200326 | B22: 95225900 | D22: 0.0199774 | E22: 108127000 | G22: 0.0199888 | H22: 104053000
A23: 0.0210018 | B23: 101420000 | D23: 0.0210063 | E23: 99079800 | G23: 0.0210403 | H23: 102477000
A24: 0.0220033 | B24: 101743000 | D24: 0.022 | E24: 96833400 | G24: 0.0219884 | H24: 105586000
... A49: 0.0470347 | B49: 96067600 | D49: 0.0469776 | E49: 110189000 | G49: 0.0469929 | H49: 102989000
A50: 0.047976 | B50: 96534900 | G50: 0.0480313 | H50: 102956000
A51: 0.0489749 | B51: 107712000 | G51: 0.048999 | H51: 103188000
A52: 0.0500052 | B52: 100198000 | G52: 0.049981 | H52: 113481000
G53: 0.051024 | H53: 111700000
G54: 0.0520175 | H54: 105857000
G55: 0.0529076 | H55: 105656000

Sheet 400K_SR20
A1: Config1 | N1: Config2 | AA1: Config3 | AN1: Pstrain | AO1: Total | AP1: Totalmin | AQ1: Totalmax | AR1: Junction | AS1: Junctionmin | AT1: Junctionmax
A2: 0.000214671 | B2: 0.000482777 | C2: 19848800000000 | D2: 2789680000 | E2: 0 | F2: 0 | G2: 2 | H2: 5352470000000 | I2: 4596080000000 | J2: 4578060000000 | K2: 4604460000000 | L2: 717679000000 | N2: 0.000207118 | O2: 0.000479465 | P2: 19885600000000 | Q2: 733856000 | R2: 0 | S2: 0 | T2: 2 | U2: 5408980000000 | V2: 4644980000000 | W2: 4643070000000 | X2: 4641660000000 | Y2: 546923000000 | AA2: 0.000223905 | AB2: 0.000496194 | AC2: 19793600000000 | AD2: 2375710000 | AE2: 0 | AF2: 0 | AG2: 2 | AH2: 4854800000000 | AI2: 4817360000000 | AJ2: 4829670000000 | AK2: 4836630000000 | AL2: 455193000000 | AN2: =A2 -> 0.000214671 | AO2: =(C2+P2+AC2)/3 -> 1.9842667e+13 | AP2: =MIN(C2,P2,AC2) -> 19793600000000 | AQ2: =MAX(C2,P2,AC2) -> 19885600000000 | AR2: =(L2+Y2+AL2)/3 -> 573265000000 | AS2: =MIN(L2,Y2,AL2) -> 455193000000 | AT2: =MAX(L2,Y2,AL2) -> 717679000000
A3: 0.000979536 | B3: 0.00136797 | C3: 20228100000000 | D3: 178475000 | E3: 0 | F3: 0 | G3: 2 | H3: 5314150000000 | I3: 4561620000000 | J3: 4543250000000 | K3: 4543470000000 | L3: 1265520000000 | N3: 0.00101975 | O3: 0.0014096 | P3: 20174500000000 | Q3: 604978000 | R3: 0 | S3: 0 | T3: 2 | U3: 5334140000000 | V3: 4532020000000 | W3: 4487830000000 | X3: 4598470000000 | Y3: 1222030000000 | AA3: 0.00102224 | AB3: 0.00137774 | AC3: 20168000000000 | AD3: 1355670000 | AE3: 0 | AF3: 0 | AG3: 2 | AH3: 4849520000000 | AI3: 4699260000000 | AJ3: 4797000000000 | AK3: 4881170000000 | AL3: 941012000000 | AN3: =A3 -> 0.000979536 | AO3: =(C3+P3+AC3)/3 -> 20190200000000 | AP3: =MIN(C3,P3,AC3) -> 20168000000000 | AQ3: =MAX(C3,P3,AC3) -> 20228100000000 | AR3: =(L3+Y3+AL3)/3 -> 1142854000000 | AS3: =MIN(L3,Y3,AL3) -> 941012000000 | AT3: =MAX(L3,Y3,AL3) -> 1265520000000
A4: 0.00197987 | B4: 0.00242247 | C4: 20798000000000 | D4: 275881000 | E4: 0 | F4: 0 | G4: 2 | H4: 5045460000000 | I4: 4451140000000 | J4: 4329550000000 | K4: 4496790000000 | L4: 2475070000000 | N4: 0.00202976 | O4: 0.00248025 | P4: 20680600000000 | Q4: 491885000 | R4: 0 | S4: 0 | T4: 2 | U4: 5231830000000 | V4: 4201570000000 | W4: 4572470000000 | X4: 4497870000000 | Y4: 2176840000000 | AA4: 0.00199238 | AB4: 0.00240337 | AC4: 20296200000000 | AD4: 505278000 | AE4: 0 | AF4: 0 | AG4: 2 | AH4: 4756650000000 | AI4: 4557950000000 | AJ4: 4585850000000 | AK4: 4503190000000 | AL4: 1892430000000 | AN4: =A4 -> 0.00197987 | AO4: =(C4+P4+AC4)/3 -> 20591600000000 | AP4: =MIN(C4,P4,AC4) -> 20296200000000 | AQ4: =MAX(C4,P4,AC4) -> 20798000000000 | AR4: =(L4+Y4+AL4)/3 -> 2.1814467e+12 | AS4: =MIN(L4,Y4,AL4) -> 1892430000000 | AT4: =MAX(L4,Y4,AL4) -> 2475070000000
A5: 0.00297193 | B5: 0.00346419 | C5: 21002700000000 | D5: 817219000 | E5: 0 | F5: 0 | G5: 2 | H5: 4824350000000 | I5: 4174700000000 | J5: 3956210000000 | K5: 4265430000000 | L5: 3781840000000 | N5: 0.0030084 | O5: 0.00347723 | P5: 21295500000000 | Q5: 706425000 | R5: 0 | S5: 0 | T5: 2 | U5: 5109600000000 | V5: 4276210000000 | W5: 4247010000000 | X5: 4499770000000 | Y5: 3162850000000 | AA5: 0.00301052 | AB5: 0.00344599 | AC5: 20598800000000 | AD5: 311673000 | AE5: 0 | AF5: 0 | AG5: 2 | AH5: 4718040000000 | AI5: 4698140000000 | AJ5: 4353040000000 | AK5: 4352980000000 | AL5: 2476560000000 | AN5: =A5 -> 0.00297193 | AO5: =(C5+P5+AC5)/3 -> 2.0965667e+13 | AP5: =MIN(C5,P5,AC5) -> 20598800000000 | AQ5: =MAX(C5,P5,AC5) -> 21295500000000 | AR5: =(L5+Y5+AL5)/3 -> 3.1404167e+12 | AS5: =MIN(L5,Y5,AL5) -> 2476560000000 | AT5: =MAX(L5,Y5,AL5) -> 3781840000000
A6: 0.00397339 | B6: 0.00445459 | C6: 20869700000000 | D6: 475129000 | E6: 0 | F6: 0 | G6: 2 | H6: 5106220000000 | I6: 3784680000000 | J6: 3856790000000 | K6: 3896660000000 | L6: 4225300000000 | N6: 0.00400344 | O6: 0.0044356 | P6: 20691500000000 | Q6: 822505000 | R6: 0 | S6: 0 | T6: 2 | U6: 4977880000000 | V6: 4218040000000 | W6: 4151000000000 | X6: 4156780000000 | Y6: 3187740000000 | AA6: 0.00398633 | AB6: 0.00445618 | AC6: 20806300000000 | AD6: 473911000 | AE6: 0 | AF6: 0 | AG6: 2 | AH6: 4610070000000 | AI6: 4683980000000 | AJ6: 4398360000000 | AK6: 4441140000000 | AL6: 2672570000000 | AN6: =A6 -> 0.00397339 | AO6: =(C6+P6+AC6)/3 -> 2.0789167e+13 | AP6: =MIN(C6,P6,AC6) -> 20691500000000 | AQ6: =MAX(C6,P6,AC6) -> 20869700000000 | AR6: =(L6+Y6+AL6)/3 -> 3361870000000 | AS6: =MIN(L6,Y6,AL6) -> 2672570000000 | AT6: =MAX(L6,Y6,AL6) -> 4225300000000
A7: 0.00500065 | B7: 0.00543459 | C7: 21144800000000 | D7: 472095000 | E7: 0 | F7: 0 | G7: 2 | H7: 4933350000000 | I7: 4155220000000 | J7: 4135760000000 | K7: 3968790000000 | L7: 3951650000000 | N7: 0.00499299 | O7: 0.00543371 | P7: 20515500000000 | Q7: 538150000 | R7: 0 | S7: 0 | T7: 2 | U7: 4977720000000 | V7: 4046650000000 | W7: 4305910000000 | X7: 4143990000000 | Y7: 3041150000000 | AA7: 0.00499157 | AB7: 0.00546736 | AC7: 20758300000000 | AD7: 516826000 | AE7: 0 | AF7: 0 | AG7: 2 | AH7: 4530450000000 | AI7: 4408180000000 | AJ7: 4242930000000 | AK7: 4399820000000 | AL7: 3176700000000 | AN7: =A7 -> 0.00500065 | AO7: =(C7+P7+AC7)/3 -> 20806200000000 | AP7: =MIN(C7,P7,AC7) -> 20515500000000 | AQ7: =MAX(C7,P7,AC7) -> 21144800000000 | AR7: =(L7+Y7+AL7)/3 -> 3.3898333e+12 | AS7: =MIN(L7,Y7,AL7) -> 3041150000000 | AT7: =MAX(L7,Y7,AL7) -> 3951650000000
A8: 0.00594836 | B8: 0.00642416 | C8: 21086700000000 | D8: 661525000 | E8: 0 | F8: 0 | G8: 2 | H8: 5098270000000 | I8: 4074880000000 | J8: 4060550000000 | K8: 3873540000000 | L8: 3979190000000 | N8: 0.00599919 | O8: 0.00647495 | P8: 20806900000000 | Q8: 572974000 | R8: 0 | S8: 0 | T8: 2 | U8: 5081380000000 | V8: 4034080000000 | W8: 4141060000000 | X8: 4237790000000 | Y8: 3312620000000 | AA8: 0.00598184 | AB8: 0.00645897 | AC8: 20645500000000 | AD8: 385632000 | AE8: 0 | AF8: 0 | AG8: 2 | AH8: 4335190000000 | AI8: 4423010000000 | AJ8: 4295620000000 | AK8: 4371430000000 | AL8: 3216460000000 | AN8: =A8 -> 0.00594836 | AO8: =(C8+P8+AC8)/3 -> 2.0846367e+13 | AP8: =MIN(C8,P8,AC8) -> 20645500000000 | AQ8: =MAX(C8,P8,AC8) -> 21086700000000 | AR8: =(L8+Y8+AL8)/3 -> 3.5027567e+12 | AS8: =MIN(L8,Y8,AL8) -> 3216460000000 | AT8: =MAX(L8,Y8,AL8) -> 3979190000000
A9: 0.00697824 | B9: 0.007445 | C9: 20710600000000 | D9: 526081000 | E9: 0 | F9: 0 | G9: 2 | H9: 5041090000000 | I9: 4215870000000 | J9: 4121690000000 | K9: 3735780000000 | L9: 3595360000000 | N9: 0.00699065 | O9: 0.00751082 | P9: 20972700000000 | Q9: 561006000 | R9: 0 | S9: 0 | T9: 2 | U9: 4959060000000 | V9: 4205390000000 | W9: 4124200000000 | X9: 4085200000000 | Y9: 3598710000000 | AA9: 0.00702116 | AB9: 0.00751183 | AC9: 21043200000000 | AD9: 504647000 | AE9: 0 | AF9: 0 | AG9: 2 | AH9: 4688520000000 | AI9: 4496130000000 | AJ9: 4539380000000 | AK9: 4203180000000 | AL9: 3116020000000 | AN9: =A9 -> 0.00697824 | AO9: =(C9+P9+AC9)/3 -> 2.0908833e+13 | AP9: =MIN(C9,P9,AC9) -> 20710600000000 | AQ9: =MAX(C9,P9,AC9) -> 21043200000000 | AR9: =(L9+Y9+AL9)/3 -> 3.4366967e+12 | AS9: =MIN(L9,Y9,AL9) -> 3116020000000 | AT9: =MAX(L9,Y9,AL9) -> 3598710000000
A10: 0.00802007 | B10: 0.00848553 | C10: 21228800000000 | D10: 582731000 | E10: 0 | F10: 0 | G10: 2 | H10: 4794650000000 | I10: 3934640000000 | J10: 4430960000000 | K10: 3949550000000 | L10: 4118700000000 | N10: 0.00798197 | O10: 0.00844559 | P10: 20960100000000 | Q10: 922266000 | R10: 0 | S10: 0 | T10: 2 | U10: 5008800000000 | V10: 4059400000000 | W10: 4217190000000 | X10: 3927040000000 | Y10: 3747700000000 | AA10: 0.00800037 | AB10: 0.0085095 | AC10: 21069300000000 | AD10: 605722000 | AE10: 0 | AF10: 0 | AG10: 2 | AH10: 4327180000000 | AI10: 4137120000000 | AJ10: 4503730000000 | AK10: 4221890000000 | AL10: 3878980000000 | AN10: =A10 -> 0.00802007 | AO10: =(C10+P10+AC10)/3 -> 2.1086067e+13 | AP10: =MIN(C10,P10,AC10) -> 20960100000000 | AQ10: =MAX(C10,P10,AC10) -> 21228800000000 | AR10: =(L10+Y10+AL10)/3 -> 3.9151267e+12 | AS10: =MIN(L10,Y10,AL10) -> 3747700000000 | AT10: =MAX(L10,Y10,AL10) -> 4118700000000
A11: 0.00900566 | B11: 0.00950179 | C11: 21274500000000 | D11: 976153000 | E11: 0 | F11: 0 | G11: 2 | H11: 4978570000000 | I11: 3868250000000 | J11: 3788180000000 | K11: 3996860000000 | L11: 4642470000000 | N11: 0.00896409 | O11: 0.00945983 | P11: 21117000000000 | Q11: 545714000 | R11: 0 | S11: 0 | T11: 2 | U11: 4897360000000 | V11: 4048250000000 | W11: 4000920000000 | X11: 3933180000000 | Y11: 4237230000000 | AA11: 0.00897995 | AB11: 0.00949323 | AC11: 21365600000000 | AD11: 486525000 | AE11: 0 | AF11: 0 | AG11: 2 | AH11: 4523070000000 | AI11: 4516720000000 | AJ11: 4544050000000 | AK11: 4576180000000 | AL11: 3205490000000 | AN11: =A11 -> 0.00900566 | AO11: =(C11+P11+AC11)/3 -> 2.1252367e+13 | AP11: =MIN(C11,P11,AC11) -> 21117000000000 | AQ11: =MAX(C11,P11,AC11) -> 21365600000000 | AR11: =(L11+Y11+AL11)/3 -> 4.0283967e+12 | AS11: =MIN(L11,Y11,AL11) -> 3205490000000 | AT11: =MAX(L11,Y11,AL11) -> 4642470000000
A12: 0.0099903 | B12: 0.0104918 | C12: 21322400000000 | D12: 806413000 | E12: 0 | F12: 0 | G12: 2 | H12: 4906360000000 | I12: 3930400000000 | J12: 3798740000000 | K12: 3923850000000 | L12: 4762710000000 | N12: 0.0100335 | O12: 0.0105304 | P12: 21614000000000 | Q12: 833056000 | R12: 0 | S12: 0 | T12: 2 | U12: 4580360000000 | V12: 4299230000000 | W12: 4434940000000 | X12: 3940500000000 | Y12: 4358930000000 | AA12: 0.00992246 | AB12: 0.0104233 | AC12: 21134500000000 | AD12: 872521000 | AE12: 0 | AF12: 0 | AG12: 2 | AH12: 4580880000000 | AI12: 4303280000000 | AJ12: 4059870000000 | AK12: 4329580000000 | AL12: 3860740000000 | AN12: =A12 -> 0.0099903 | AO12: =(C12+P12+AC12)/3 -> 2.1356967e+13 | AP12: =MIN(C12,P12,AC12) -> 21134500000000 | AQ12: =MAX(C12,P12,AC12) -> 21614000000000 | AR12: =(L12+Y12+AL12)/3 -> 4327460000000 | AS12: =MIN(L12,Y12,AL12) -> 3860740000000 | AT12: =MAX(L12,Y12,AL12) -> 4762710000000
A13: 0.0110013 | B13: 0.0115031 | C13: 20847300000000 | D13: 539465000 | E13: 0 | F13: 0 | G13: 2 | H13: 4482090000000 | I13: 3852600000000 | J13: 3657040000000 | K13: 3720780000000 | L13: 5132140000000 | N13: 0.0109727 | O13: 0.0114747 | P13: 21325900000000 | Q13: 645656000 | R13: 0 | S13: 0 | T13: 2 | U13: 4535160000000 | V13: 3938970000000 | W13: 4212380000000 | X13: 4410920000000 | Y13: 4227370000000 | AA13: 0.0110035 | AB13: 0.0114838 | AC13: 21037100000000 | AD13: 479838000 | AE13: 0 | AF13: 0 | AG13: 2 | AH13: 4583120000000 | AI13: 4246800000000 | AJ13: 4143080000000 | AK13: 4224510000000 | AL13: 3839100000000 | AN13: =A13 -> 0.0110013 | AO13: =(C13+P13+AC13)/3 -> 21070100000000 | AP13: =MIN(C13,P13,AC13) -> 20847300000000 | AQ13: =MAX(C13,P13,AC13) -> 21325900000000 | AR13: =(L13+Y13+AL13)/3 -> 4.3995367e+12 | AS13: =MIN(L13,Y13,AL13) -> 3839100000000 | AT13: =MAX(L13,Y13,AL13) -> 5132140000000
... A52: 0.0500052 | B52: 0.0504826 | C52: 20938100000000 | D52: 913599000 | E52: 0 | F52: 0 | G52: 2 | H52: 4243340000000 | I52: 3611200000000 | J52: 3446160000000 | K52: 4036590000000 | L52: 5600470000000 | N52: 0.0499872 | O52: 0.0504323 | P52: 22199000000000 | Q52: 490599000 | R52: 0 | S52: 0 | T52: 2 | U52: 4316230000000 | V52: 4383660000000 | W52: 4684290000000 | X52: 4156470000000 | Y52: 4656760000000 | AA52: 0.049981 | AB52: 0.0505218 | AC52: 21419100000000 | AD52: 585893000 | AE52: 0 | AF52: 0 | AG52: 2 | AH52: 3968960000000 | AI52: 4193830000000 | AJ52: 4358950000000 | AK52: 4274710000000 | AL52: 4622630000000 | AN52: =A52 -> 0.0500052 | AO52: =(C52+P52+AC52)/3 -> 2.1518733e+13 | AP52: =MIN(C52,P52,AC52) -> 20938100000000 | AQ52: =MAX(C52,P52,AC52) -> 22199000000000 | AR52: =(L52+Y52+AL52)/3 -> 4.9599533e+12 | AS52: =MIN(L52,Y52,AL52) -> 4622630000000 | AT52: =MAX(L52,Y52,AL52) -> 5600470000000
N53: 0.0509776 | O53: 0.0514773 | P53: 21823500000000 | Q53: 521126000 | R53: 0 | S53: 0 | T53: 2 | U53: 4575850000000 | V53: 4211480000000 | W53: 4143720000000 | X53: 4117340000000 | Y53: 4773810000000 | AA53: 0.051024 | AB53: 0.0515562 | AC53: 21278600000000 | AD53: 662330000 | AE53: 0 | AF53: 0 | AG53: 2 | AH53: 4063310000000 | AI53: 4231860000000 | AJ53: 3977630000000 | AK53: 4238840000000 | AL53: 4766860000000
N54: 0.0520144 | O54: 0.0524722 | P54: 21506500000000 | Q54: 416250000 | R54: 0 | S54: 0 | T54: 2 | U54: 4735230000000 | V54: 4474170000000 | W54: 4215310000000 | X54: 4584230000000 | Y54: 3497440000000 | AA54: 0.0520175 | AB54: 0.0525219 | AC54: 21165900000000 | AD54: 774633000 | AE54: 0 | AF54: 0 | AG54: 2 | AH54: 4090300000000 | AI54: 4009300000000 | AJ54: 3890360000000 | AK54: 4352620000000 | AL54: 4823170000000
N55: 0.0529575 | O55: 0.0534361 | P55: 21062000000000 | Q55: 370373000 | R55: 0 | S55: 0 | T55: 2 | U55: 4984110000000 | V55: 4250200000000 | W55: 4106840000000 | X55: 4143750000000 | Y55: 3577080000000 | AA55: 0.0529076 | AB55: 0.0534111 | AC55: 21106300000000 | AD55: 401509000 | AE55: 0 | AF55: 0 | AG55: 2 | AH55: 4088000000000 | AI55: 3730990000000 | AJ55: 4021670000000 | AK55: 4475560000000 | AL55: 4790090000000
N56: 0.0539645 | O56: 0.0544469 | P56: 21370100000000 | Q56: 464447000 | R56: 0 | S56: 0 | T56: 2 | U56: 4906740000000 | V56: 4279600000000 | W56: 4065550000000 | X56: 4234450000000 | Y56: 3883680000000
N57: 0.0550027 | O57: 0.0554879 | P57: 21613300000000 | Q57: 556232000 | R57: 0 | S57: 0 | T57: 2 | U57: 5089640000000 | V57: 4281390000000 | W57: 4380260000000 | X57: 4293240000000 | Y57: 3568720000000
N58: 0.0560003 | O58: 0.0565048 | P58: 21835400000000 | Q58: 501897000 | R58: 0 | S58: 0 | T58: 2 | U58: 5091820000000 | V58: 4314830000000 | W58: 4229640000000 | X58: 4188630000000 | Y58: 4010480000000

Sheet 400K_SR40_Stress
A1: Config 1 | D1: Config 2 | G1: Config3 | J1: AverageValue of Last 0.5%
A2: 0.000200299 | B2: 61877100 | D2: 0.00018897 | E2: 64572300 | G2: 0.000188535 | H2: 59298700 | K2: TotalStress | L2: RhoI | M2: Rho | N2: TauF1 | O2: TauF2 | P2: TauF | Q2: Tau | R2: Tau/TauF | S2: RhoI/Rho
A3: 0.0009834 | B3: 92521100 | D3: 0.00103417 | E3: 91879500 | G3: 0.000998393 | H3: 88800400 | J3: Config1 | K3: =AVERAGE(B28:B32)/1000000 -> 109.8856 | L3: =AVERAGE('400K_SR40'!L28:L32) -> 3536872000000 | M3: =AVERAGE('400K_SR40'!C28:C32) -> 21882200000000 | N3: =Graphs!$B$1*80.9*0.248*SQRT(L3)/1000000 -> 18.866002 | O3: =Graphs!$B$2*80.9*0.248*SQRT(M3)/1000000 -> 4.6926234 | P3: =SQRT(N3^2+O3^2) -> 19.440853 | Q3: =K3*0.4707 -> 51.723152 | R3: =Q3/P3 -> 2.6605393 | S3: =L3/M3 -> 0.16163238
A4: 0.0020135 | B4: 102228000 | D4: 0.00199645 | E4: 105048000 | G4: 0.00201971 | H4: 95055400 | J4: Config2 | K4: =AVERAGE(E28:E32)/1000000 -> 111.0328 | L4: =AVERAGE('400K_SR40'!Y28:Y32) -> 3978228000000 | M4: =AVERAGE('400K_SR40'!P28:P32) -> 21689660000000 | N4: =Graphs!$B$1*80.9*0.248*SQRT(L4)/1000000 -> 20.008523 | O4: =Graphs!$B$2*80.9*0.248*SQRT(M4)/1000000 -> 4.6719327 | P4: =SQRT(N4^2+O4^2) -> 20.546726 | Q4: =K4*0.4707 -> 52.263139 | R4: =Q4/P4 -> 2.5436236 | S4: =L4/M4 -> 0.18341588
A5: 0.00298985 | B5: 107563000 | D5: 0.0029962 | E5: 104653000 | G5: 0.00301403 | H5: 109357000 | J5: Config3 | K5: =AVERAGE(H28:H32)/1000000 -> 110.4832 | L5: =AVERAGE('400K_SR40'!AL28:AL32) -> 3661616000000 | M5: =AVERAGE('400K_SR40'!AC28:AC32) -> 21628540000000 | N5: =Graphs!$B$1*80.9*0.248*SQRT(L5)/1000000 -> 19.195817 | O5: =Graphs!$B$2*80.9*0.248*SQRT(M5)/1000000 -> 4.6653455 | P5: =SQRT(N5^2+O5^2) -> 19.754616 | Q5: =K5*0.4707 -> 52.004442 | R5: =Q5/P5 -> 2.6325211 | S5: =L5/M5 -> 0.16929557
A6: 0.00397897 | B6: 103191000 | D6: 0.00400079 | E6: 110949000 | G6: 0.00399261 | H6: 109618000
A7: 0.00499823 | B7: 109701000 | D7: 0.0049942 | E7: 109139000 | G7: 0.00501898 | H7: 112882000
A8: 0.00598766 | B8: 109110000 | D8: 0.00597956 | E8: 110451000 | G8: 0.00599668 | H8: 107767000
A9: 0.00697675 | B9: 109040000 | D9: 0.00697128 | E9: 112591000 | G9: 0.00700269 | H9: 104616000 | J9: Config1 | K9: =AVERAGE(B12:B16)/1000000 -> 114.3706 | L9: =AVERAGE('400K_SR40'!L12:L16) -> 4072418000000 | M9: =AVERAGE('400K_SR40'!C12:C16) -> 22298520000000 | N9: =Graphs!$B$1*80.9*0.248*SQRT(L9)/1000000 -> 20.244002 | O9: =Graphs!$B$2*80.9*0.248*SQRT(M9)/1000000 -> 4.7370528 | P9: =SQRT(N9^2+O9^2) -> 20.790847 | Q9: =K9*0.4707 -> 53.834241 | R9: =Q9/P9 -> 2.5893242 | S9: =L9/M9 -> 0.18263176
A10: 0.00799115 | B10: 103822000 | D10: 0.00803373 | E10: 107173000 | G10: 0.00799832 | H10: 110260000 | J10: Config2 | K10: =AVERAGE(E12:E16)/1000000 -> 109.9654 | L10: =AVERAGE('400K_SR40'!Y12:Y16) -> 4449282000000 | M10: =AVERAGE('400K_SR40'!P12:P16) -> 21780640000000 | N10: =Graphs!$B$1*80.9*0.248*SQRT(L10)/1000000 -> 21.159976 | O10: =Graphs!$B$2*80.9*0.248*SQRT(M10)/1000000 -> 4.681721 | P10: =SQRT(N10^2+O10^2) -> 21.671712 | Q10: =K10*0.4707 -> 51.760714 | R10: =Q10/P10 -> 2.3883999 | S10: =L10/M10 -> 0.20427692
A11: 0.00897785 | B11: 107802000 | D11: 0.00899369 | E11: 112009000 | G11: 0.00902476 | H11: 104703000 | J11: Config3 | K11: =AVERAGE(H12:H16)/1000000 -> 108.7624 | L11: =AVERAGE('400K_SR40'!AL12:AL16) -> 3497148000000 | M11: =AVERAGE('400K_SR40'!AC12:AC16) -> 21628180000000 | N11: =Graphs!$B$1*80.9*0.248*SQRT(L11)/1000000 -> 18.759757 | O11: =Graphs!$B$2*80.9*0.248*SQRT(M11)/1000000 -> 4.6653066 | P11: =SQRT(N11^2+O11^2) -> 19.331156 | Q11: =K11*0.4707 -> 51.194462 | R11: =Q11/P11 -> 2.6482877 | S11: =L11/M11 -> 0.16169405
A12: 0.00998248 | B12: 113139000 | D12: 0.00999467 | E12: 114148000 | G12: 0.00990508 | H12: 108161000
A13: 0.011009 | B13: 114756000 | D13: 0.0110127 | E13: 106705000 | G13: 0.0109868 | H13: 115082000
A14: 0.0119627 | B14: 114934000 | D14: 0.0119983 | E14: 109162000 | G14: 0.0120279 | H14: 109536000
A15: 0.0130151 | B15: 114829000 | D15: 0.0130203 | E15: 109481000 | G15: 0.0130108 | H15: 106847000
A16: 0.014013 | B16: 114195000 | D16: 0.0140089 | E16: 110331000 | G16: 0.0139805 | H16: 104186000
A17: 0.0149773 | B17: 112053000 | D17: 0.0149751 | E17: 114153000 | G17: 0.0150274 | H17: 105637000
A18: 0.0159849 | B18: 103202000 | D18: 0.0160076 | E18: 113801000 | G18: 0.0159683 | H18: 117937000
A19: 0.0170388 | B19: 110739000 | D19: 0.0170012 | E19: 109639000 | G19: 0.0169766 | H19: 109520000
A20: 0.0180022 | B20: 113532000 | D20: 0.0180101 | E20: 116822000 | G20: 0.0179848 | H20: 107745000
A21: 0.0189797 | B21: 115660000 | D21: 0.0189844 | E21: 115760000 | G21: 0.0190148 | H21: 111717000
A22: 0.0199746 | B22: 103959000 | D22: 0.0200084 | E22: 106761000 | G22: 0.0200384 | H22: 113895000
A23: 0.0210202 | B23: 101769000 | D23: 0.0210205 | E23: 99571100 | G23: 0.0209673 | H23: 111274000
... A26: 0.0240501 | B26: 109118000 | D26: 0.0239685 | E26: 108950000 | G26: 0.0239929 | H26: 116840000
A27: 0.0249972 | B27: 108735000 | D27: 0.024996 | E27: 102799000 | G27: 0.0249534 | H27: 121137000 | W27: =200*1.414 -> 282.8
A28: 0.0259852 | B28: 111239000 | D28: 0.026019 | E28: 108831000 | G28: 0.0260011 | H28: 110771000
A29: 0.0270025 | B29: 112307000 | D29: 0.0269998 | E29: 113819000 | G29: 0.0270144 | H29: 109934000
A30: 0.0280224 | B30: 107355000 | D30: 0.0280511 | E30: 110155000 | G30: 0.028009 | H30: 111191000
A31: 0.0289825 | B31: 113734000 | D31: 0.0289441 | E31: 115041000 | G31: 0.0289967 | H31: 110755000
A32: 0.030026 | B32: 104793000 | D32: 0.0299154 | E32: 107318000 | G32: 0.0300111 | H32: 109765000
A33: 0.0309942 | B33: 111043000 | D33: 0.0310391 | E33: 105588000 | G33: 0.0310224 | H33: 105937000
A34: 0.0319944 | B34: 110893000 | D34: 0.0319526 | E34: 106055000 | G34: 0.0319385 | H34: 115716000
A35: 0.0329684 | B35: 111268000 | D35: 0.0330534 | E35: 115095000 | G35: 0.0329802 | H35: 112921000
A36: 0.0339924 | B36: 108177000 | D36: 0.0340329 | E36: 116873000 | G36: 0.0340239 | H36: 107891000
A37: 0.0350067 | B37: 110273000 | D37: 0.0349998 | E37: 105915000 | G37: 0.0350149 | H37: 99848200
A38: 0.036004 | B38: 110577000 | D38: 0.0359996 | E38: 110306000 | G38: 0.0358873 | H38: 106590000
A39: 0.0370332 | B39: 111254000 | D39: 0.0369998 | E39: 112688000 | G39: 0.036997 | H39: 108853000
... A53: 0.0509594 | B53: 112887000 | D53: 0.0510062 | E53: 113886000 | G53: 0.0510305 | H53: 102758000
D54: 0.0519854 | E54: 115625000 | G54: 0.0520006 | H54: 98599800
D55: 0.0529953 | E55: 108235000 | G55: 0.0529762 | H55: 103948000
D56: 0.0540649 | E56: 102413000 | G56: 0.0540117 | H56: 104542000
D57: 0.0549954 | E57: 117317000 | G57: 0.05498 | H57: 110098000
D58: 0.0560102 | E58: 111109000 | G58: 0.0559271 | H58: 109180000
D59: 0.0570144 | E59: 107021000

Sheet 400K_SR40
A1: Config1 | N1: Config2 | AA1: Config 3 | AN1: Pstrain | AO1: Total | AP1: Totalmin | AQ1: Totalmax | AR1: Junction | AS1: Junctionmin | AT1: Junctionmax
A2: 0.000200299 | B2: 0.000495157 | C2: 19882000000000 | D2: 2078150000 | E2: 0 | F2: 0 | G2: 2 | H2: 5382190000000 | I2: 4625540000000 | J2: 4585540000000 | K2: 4605530000000 | L2: 683216000000 | N2: 0.00018897 | O2: 0.00049667 | P2: 19971000000000 | Q2: 1626590000 | R2: 0 | S2: 0 | T2: 2 | U2: 5488770000000 | V2: 4622050000000 | W2: 4665590000000 | X2: 4644580000000 | Y2: 550056000000 | AA2: 0.000188535 | AB2: 0.000471108 | AC2: 19741400000000 | AD2: 1848110000 | AE2: 0 | AF2: 0 | AG2: 2 | AH2: 4860410000000 | AI2: 4830070000000 | AJ2: 4813430000000 | AK2: 4850540000000 | AL2: 386960000000 | AN2: =A2 -> 0.000200299 | AO2: =(C2+P2+AC2)/3 -> 19864800000000 | AP2: =MIN(C2,P2,AC2) -> 19741400000000 | AQ2: =MAX(C2,P2,AC2) -> 19971000000000 | AR2: =(L2+Y2+AL2)/3 -> 5.4007733e+11 | AS2: =MIN(L2,Y2,AK2) -> 550056000000 | AT2: =MAX(L2,Y2,AL2) -> 683216000000
A3: 0.0009834 | B3: 0.00142428 | C3: 20362700000000 | D3: 295244000 | E3: 0 | F3: 0 | G3: 2 | H3: 5363940000000 | I3: 4620450000000 | J3: 4559380000000 | K3: 4659850000000 | L3: 1159060000000 | N3: 0.00103417 | O3: 0.00147199 | P3: 20396300000000 | Q3: 344362000 | R3: 0 | S3: 0 | T3: 2 | U3: 5479300000000 | V3: 4644920000000 | W3: 4573990000000 | X3: 4536950000000 | Y3: 1161040000000 | AA3: 0.000998393 | AB3: 0.00142154 | AC3: 20183600000000 | AD3: 354239000 | AE3: 0 | AF3: 0 | AG3: 2 | AH3: 4849310000000 | AI3: 4713800000000 | AJ3: 4814610000000 | AK3: 4822120000000 | AL3: 983760000000 | AN3: =A3 -> 0.0009834 | AO3: =(C3+P3+AC3)/3 -> 20314200000000 | AP3: =MIN(C3,P3,AC3) -> 20183600000000 | AQ3: =MAX(C3,P3,AC3) -> 20396300000000 | AR3: =(L3+Y3+AL3)/3 -> 1.1012867e+12 | AS3: =MIN(L3,Y3,AK3) -> 1159060000000 | AT3: =MAX(L3,Y3,AL3) -> 1161040000000
A4: 0.0020135 | B4: 0.00250063 | C4: 21344300000000 | D4: 394713000 | E4: 0 | F4: 0 | G4: 2 | H4: 5242790000000 | I4: 4545990000000 | J4: 4609620000000 | K4: 4762700000000 | L4: 2183230000000 | N4: 0.00199645 | O4: 0.00249702 | P4: 21446100000000 | Q4: 881915000 | R4: 0 | S4: 0 | T4: 2 | U4: 5686400000000 | V4: 4539670000000 | W4: 4408240000000 | X4: 4396100000000 | Y4: 2415550000000 | AA4: 0.00201971 | AB4: 0.00247266 | AC4: 20893100000000 | AD4: 947903000 | AE4: 0 | AF4: 0 | AG4: 2 | AH4: 4883500000000 | AI4: 4660640000000 | AJ4: 4903300000000 | AK4: 4824010000000 | AL4: 1621620000000 | AN4: =A4 -> 0.0020135 | AO4: =(C4+P4+AC4)/3 -> 2.1227833e+13 | AP4: =MIN(C4,P4,AC4) -> 20893100000000 | AQ4: =MAX(C4,P4,AC4) -> 21446100000000 | AR4: =(L4+Y4+AL4)/3 -> 2.0734667e+12 | AS4: =MIN(L4,Y4,AK4) -> 2183230000000 | AT4: =MAX(L4,Y4,AL4) -> 2415550000000
A5: 0.00298985 | B5: 0.0035024 | C5: 22069300000000 | D5: 1228010000 | E5: 0 | F5: 0 | G5: 2 | H5: 5544420000000 | I5: 4177240000000 | J5: 4491980000000 | K5: 4874040000000 | L5: 2981640000000 | N5: 0.0029962 | O5: 0.00349488 | P5: 21539100000000 | Q5: 630920000 | R5: 0 | S5: 0 | T5: 2 | U5: 5277950000000 | V5: 4450700000000 | W5: 4645260000000 | X5: 4196270000000 | Y5: 2968840000000 | AA5: 0.00301403 | AB5: 0.00353513 | AC5: 21769500000000 | AD5: 895175000 | AE5: 0 | AF5: 0 | AG5: 2 | AH5: 4438780000000 | AI5: 4385940000000 | AJ5: 4925560000000 | AK5: 4977090000000 | AL5: 3042030000000 | AN5: =A5 -> 0.00298985 | AO5: =(C5+P5+AC5)/3 -> 2.1792633e+13 | AP5: =MIN(C5,P5,AC5) -> 21539100000000 | AQ5: =MAX(C5,P5,AC5) -> 22069300000000 | AR5: =(L5+Y5+AL5)/3 -> 2.9975033e+12 | AS5: =MIN(L5,Y5,AK5) -> 2968840000000 | AT5: =MAX(L5,Y5,AL5) -> 3042030000000
A6: 0.00397897 | B6: 0.00447069 | C6: 21781500000000 | D6: 1236180000 | E6: 0 | F6: 0 | G6: 2 | H6: 5436630000000 | I6: 4350520000000 | J6: 4402140000000 | K6: 4349540000000 | L6: 3242550000000 | N6: 0.00400079 | O6: 0.00452947 | P6: 21609200000000 | Q6: 629654000 | R6: 0 | S6: 0 | T6: 2 | U6: 5162540000000 | V6: 4640090000000 | W6: 4333300000000 | X6: 4163250000000 | Y6: 3309760000000 | AA6: 0.00399261 | AB6: 0.00451496 | AC6: 21429000000000 | AD6: 1172250000 | AE6: 0 | AF6: 0 | AG6: 2 | AH6: 4629380000000 | AI6: 4437790000000 | AJ6: 4658330000000 | AK6: 4541800000000 | AL6: 3161550000000 | AN6: =A6 -> 0.00397897 | AO6: =(C6+P6+AC6)/3 -> 2.1606567e+13 | AP6: =MIN(C6,P6,AC6) -> 21429000000000 | AQ6: =MAX(C6,P6,AC6) -> 21781500000000 | AR6: =(L6+Y6+AL6)/3 -> 3.2379533e+12 | AS6: =MIN(L6,Y6,AK6) -> 3242550000000 | AT6: =MAX(L6,Y6,AL6) -> 3309760000000
A7: 0.00499823 | B7: 0.00552097 | C7: 21668000000000 | D7: 1061690000 | E7: 0 | F7: 0 | G7: 2 | H7: 5371370000000 | I7: 4162530000000 | J7: 4213800000000 | K7: 4527200000000 | L7: 3393060000000 | N7: 0.0049942 | O7: 0.00551426 | P7: 22092500000000 | Q7: 1122910000 | R7: 0 | S7: 0 | T7: 2 | U7: 5115200000000 | V7: 4673930000000 | W7: 4464230000000 | X7: 4105640000000 | Y7: 3733380000000 | AA7: 0.00501898 | AB7: 0.00555689 | AC7: 21812200000000 | AD7: 779386000 | AE7: 0 | AF7: 0 | AG7: 2 | AH7: 4228520000000 | AI7: 4931040000000 | AJ7: 4415330000000 | AK7: 4478930000000 | AL7: 3758060000000 | AN7: =A7 -> 0.00499823 | AO7: =(C7+P7+AC7)/3 -> 2.1857567e+13 | AP7: =MIN(C7,P7,AC7) -> 21668000000000 | AQ7: =MAX(C7,P7,AC7) -> 22092500000000 | AR7: =(L7+Y7+AL7)/3 -> 3.6281667e+12 | AS7: =MIN(L7,Y7,AK7) -> 3393060000000 | AT7: =MAX(L7,Y7,AL7) -> 3758060000000
A8: 0.00598766 | B8: 0.00650759 | C8: 22036400000000 | D8: 1026910000 | E8: 0 | F8: 0 | G8: 2 | H8: 5730010000000 | I8: 4036100000000 | J8: 4117780000000 | K8: 4344930000000 | L8: 3807540000000 | N8: 0.00597956 | O8: 0.00650587 | P8: 21665400000000 | Q8: 825541000 | R8: 0 | S8: 0 | T8: 2 | U8: 5452290000000 | V8: 4339100000000 | W8: 4349320000000 | X8: 3936530000000 | Y8: 3588180000000 | AA8: 0.00599668 | AB8: 0.0065102 | AC8: 21935500000000 | AD8: 954836000 | AE8: 0 | AF8: 0 | AG8: 2 | AH8: 4405180000000 | AI8: 4872010000000 | AJ8: 4319140000000 | AK8: 4796210000000 | AL8: 3542880000000 | AN8: =A8 -> 0.00598766 | AO8: =(C8+P8+AC8)/3 -> 21879100000000 | AP8: =MIN(C8,P8,AC8) -> 21665400000000 | AQ8: =MAX(C8,P8,AC8) -> 22036400000000 | AR8: =(L8+Y8+AL8)/3 -> 3646200000000 | AS8: =MIN(L8,Y8,AK8) -> 3588180000000 | AT8: =MAX(L8,Y8,AL8) -> 3807540000000
A9: 0.00697675 | B9: 0.00749634 | C9: 21909100000000 | D9: 1122460000 | E9: 0 | F9: 0 | G9: 2 | H9: 5159370000000 | I9: 3712380000000 | J9: 4006880000000 | K9: 4774480000000 | L9: 4255480000000 | N9: 0.00697128 | O9: 0.00750779 | P9: 21403800000000 | Q9: 825579000 | R9: 0 | S9: 0 | T9: 2 | U9: 5387220000000 | V9: 4249660000000 | W9: 3899050000000 | X9: 4084260000000 | Y9: 3783390000000 | AA9: 0.00700269 | AB9: 0.0075012 | AC9: 21502500000000 | AD9: 991293000 | AE9: 0 | AF9: 0 | AG9: 2 | AH9: 4331640000000 | AI9: 4828810000000 | AJ9: 4515400000000 | AK9: 4625080000000 | AL9: 3200660000000 | AN9: =A9 -> 0.00697675 | AO9: =(C9+P9+AC9)/3 -> 2.1605133e+13 | AP9: =MIN(C9,P9,AC9) -> 21403800000000 | AQ9: =MAX(C9,P9,AC9) -> 21909100000000 | AR9: =(L9+Y9+AL9)/3 -> 3746510000000 | AS9: =MIN(L9,Y9,AK9) -> 3783390000000 | AT9: =MAX(L9,Y9,AL9) -> 4255480000000
A10: 0.00799115 | B10: 0.00848588 | C10: 21446700000000 | D10: 1118930000 | E10: 0 | F10: 0 | G10: 2 | H10: 5368010000000 | I10: 3888400000000 | J10: 3910550000000 | K10: 4416990000000 | L10: 3862640000000 | N10: 0.00803373 | O10: 0.00854442 | P10: 21263900000000 | Q10: 2246770000 | R10: 0 | S10: 0 | T10: 2 | U10: 5361400000000 | V10: 4281720000000 | W10: 3810400000000 | X10: 3861810000000 | Y10: 3948470000000 | AA10: 0.00799832 | AB10: 0.00852373 | AC10: 21879600000000 | AD10: 750342000 | AE10: 0 | AF10: 0 | AG10: 2 | AH10: 4369840000000 | AI10: 4971560000000 | AJ10: 4792760000000 | AK10: 4302940000000 | AL10: 3442490000000 | AN10: =A10 -> 0.00799115 | AO10: =(C10+P10+AC10)/3 -> 2.1530067e+13 | AP10: =MIN(C10,P10,AC10) -> 21263900000000 | AQ10: =MAX(C10,P10,AC10) -> 21879600000000 | AR10: =(L10+Y10+AL10)/3 -> 3751200000000 | AS10: =MIN(L10,Y10,AK10) -> 3862640000000 | AT10: =MAX(L10,Y10,AL10) -> 3948470000000
A11: 0.00897785 | B11: 0.00949155 | C11: 21495000000000 | D11: 1088540000 | E11: 0 | F11: 0 | G11: 2 | H11: 5318180000000 | I11: 4022040000000 | J11: 4190940000000 | K11: 4387870000000 | L11: 3575810000000 | N11: 0.00899369 | O11: 0.00952743 | P11: 21726700000000 | Q11: 3588300000 | R11: 0 | S11: 0 | T11: 2 | U11: 5233030000000 | V11: 4666010000000 | W11: 4009720000000 | X11: 4260760000000 | Y11: 3557000000000 | AA11: 0.00902476 | AB11: 0.00952368 | AC11: 21854800000000 | AD11: 784806000 | AE11: 0 | AF11: 0 | AG11: 2 | AH11: 4501710000000 | AI11: 4589560000000 | AJ11: 4722600000000 | AK11: 4483620000000 | AL11: 3555600000000 | AN11: =A11 -> 0.00897785 | AO11: =(C11+P11+AC11)/3 -> 2.1692167e+13 | AP11: =MIN(C11,P11,AC11) -> 21495000000000 | AQ11: =MAX(C11,P11,AC11) -> 21854800000000 | AR11: =(L11+Y11+AL11)/3 -> 3.5628033e+12 | AS11: =MIN(L11,Y11,AK11) -> 3557000000000 | AT11: =MAX(L11,Y11,AL11) -> 3575810000000
A12: 0.00998248 | B12: 0.0105216 | C12: 21738400000000 | D12: 995518000 | E12: 0 | F12: 0 | G12: 2 | H12: 5094540000000 | I12: 4161670000000 | J12: 4307980000000 | K12: 4322920000000 | L12: 3851230000000 | N12: 0.00999467 | O12: 0.0105386 | P12: 21688400000000 | Q12: 1433810000 | R12: 0 | S12: 0 | T12: 2 | U12: 5378610000000 | V12: 4437540000000 | W12: 3891420000000 | X12: 4005390000000 | Y12: 3974810000000 | AA12: 0.00990508 | AB12: 0.0104205 | AC12: 21603200000000 | AD12: 825785000 | AE12: 0 | AF12: 0 | AG12: 2 | AH12: 4250440000000 | AI12: 4917610000000 | AJ12: 4576420000000 | AK12: 4419730000000 | AL12: 3435980000000 | AN12: =A12 -> 0.00998248 | AO12: =(C12+P12+AC12)/3 -> 2.1676667e+13 | AP12: =MIN(C12,P12,AC12) -> 21603200000000 | AQ12: =MAX(C12,P12,AC12) -> 21738400000000 | AR12: =(L12+Y12+AL12)/3 -> 3.7540067e+12 | AS12: =MIN(L12,Y12,AK12) -> 3851230000000 | AT12: =MAX(L12,Y12,AL12) -> 3974810000000
A13: 0.011009 | B13: 0.0115558 | C13: 22583400000000 | D13: 1180490000 | E13: 0 | F13: 0 | G13: 2 | H13: 5828980000000 | I13: 4134390000000 | J13: 4124270000000 | K13: 4034150000000 | L13: 4461590000000 | N13: 0.0110127 | O13: 0.0115212 | P13: 21771300000000 | Q13: 995590000 | R13: 0 | S13: 0 | T13: 2 | U13: 5302450000000 | V13: 4377920000000 | W13: 4227870000000 | X13: 3925520000000 | Y13: 3937560000000 | AA13: 0.0109868 | AB13: 0.0115351 | AC13: 21938800000000 | AD13: 1255450000 | AE13: 0 | AF13: 0 | AG13: 2 | AH13: 4241100000000 | AI13: 4802020000000 | AJ13: 4253890000000 | AK13: 4314540000000 | AL13: 4326640000000 | AN13: =A13 -> 0.011009 | AO13: =(C13+P13+AC13)/3 -> 2.2097833e+13 | AP13: =MIN(C13,P13,AC13) -> 21771300000000 | AQ13: =MAX(C13,P13,AC13) -> 22583400000000 | AR13: =(L13+Y13+AL13)/3 -> 4241930000000 | AS13: =MIN(L13,Y13,AK13) -> 3937560000000 | AT13: =MAX(L13,Y13,AL13) -> 4461590000000
... A52: 0.050023 | B52: 0.0505353 | C52: 21626000000000 | D52: 3982790000 | E52: 0 | F52: 0 | G52: 2 | H52: 4784800000000 | I52: 4240540000000 | J52: 3998080000000 | K52: 4039190000000 | L52: 4561020000000 | N52: 0.0499969 | O52: 0.0505512 | P52: 21674600000000 | Q52: 1119630000 | R52: 0 | S52: 0 | T52: 2 | U52: 4957810000000 | V52: 3954740000000 | W52: 4134970000000 | X52: 3779570000000 | Y52: 4847420000000 | AA52: 0.049996 | AB52: 0.0505242 | AC52: 21617200000000 | AD52: 1244460000 | AE52: 0 | AF52: 0 | AG52: 2 | AH52: 4200850000000 | AI52: 4619840000000 | AJ52: 4187950000000 | AK52: 4380370000000 | AL52: 4227910000000 | AN52: =A52 -> 0.050023 | AO52: =(C52+P52+AC52)/3 -> 2.1639267e+13 | AP52: =MIN(C52,P52,AC52) -> 21617200000000 | AQ52: =MAX(C52,P52,AC52) -> 21674600000000 | AR52: =(L52+Y52+AL52)/3 -> 4545450000000 | AS52: =MIN(L52,Y52,AK52) -> 4380370000000 | AT52: =MAX(L52,Y52,AL52) -> 4847420000000
A53: 0.0509594 | B53: 0.0514973 | C53: 21801400000000 | D53: 869461000 | E53: 0 | F53: 0 | G53: 2 | H53: 4983640000000 | I53: 4282490000000 | J53: 4349750000000 | K53: 4014690000000 | L53: 4170720000000 | N53: 0.0510062 | O53: 0.0515489 | P53: 22733700000000 | Q53: 1331900000 | R53: 0 | S53: 0 | T53: 2 | U53: 5242850000000 | V53: 4626500000000 | W53: 3822170000000 | X53: 4192820000000 | Y53: 4848380000000 | AA53: 0.0510305 | AB53: 0.0515201 | AC53: 21492900000000 | AD53: 647570000 | AE53: 0 | AF53: 0 | AG53: 2 | AH53: 4490720000000 | AI53: 4778630000000 | AJ53: 4575710000000 | AK53: 4521580000000 | AL53: 3126190000000
N54: 0.0519854 | O54: 0.0525364 | P54: 22274300000000 | Q54: 2082310000 | R54: 0 | S54: 0 | T54: 2 | U54: 4885910000000 | V54: 3994690000000 | W54: 4378280000000 | X54: 4379820000000 | Y54: 4635240000000 | AA54: 0.0520006 | AB54: 0.0524705 | AC54: 21478300000000 | AD54: 1259810000 | AE54: 0 | AF54: 0 | AG54: 2 | AH54: 4554460000000 | AI54: 4730560000000 | AJ54: 4483520000000 | AK54: 4581830000000 | AL54: 3127910000000
N55: 0.0529953 | O55: 0.053511 | P55: 22229500000000 | Q55: 2130220000 | R55: 0 | S55: 0 | T55: 2 | U55: 5044830000000 | V55: 3934380000000 | W55: 4345270000000 | X55: 4541380000000 | Y55: 4363640000000 | AA55: 0.0529762 | AB55: 0.0534715 | AC55: 21709800000000 | AD55: 1496670000 | AE55: 0 | AF55: 0 | AG55: 2 | AH55: 4499960000000 | AI55: 4676160000000 | AJ55: 4437840000000 | AK55: 4594340000000 | AL55: 3501280000000
N56: 0.0540649 | O56: 0.0545529 | P56: 21875100000000 | Q56: 681027000 | R56: 0 | S56: 0 | T56: 2 | U56: 5426830000000 | V56: 4137810000000 | W56: 4009680000000 | X56: 3845200000000 | Y56: 4455360000000 | AA56: 0.0540117 | AB56: 0.0545099 | AC56: 22221000000000 | AD56: 2328690000 | AE56: 0 | AF56: 0 | AG56: 2 | AH56: 4615880000000 | AI56: 4348530000000 | AJ56: 4223380000000 | AK56: 4849300000000 | AL56: 4183240000000
N57: 0.0549954 | O57: 0.0555544 | P57: 22541300000000 | Q57: 829673000 | R57: 0 | S57: 0 | T57: 2 | U57: 5353300000000 | V57: 4338680000000 | W57: 4273910000000 | X57: 3972290000000 | Y57: 4603000000000 | AA57: 0.05498 | AB57: 0.0555046 | AC57: 21417800000000 | AD57: 2153540000 | AE57: 0 | AF57: 0 | AG57: 2 | AH57: 4274790000000 | AI57: 4182760000000 | AJ57: 4283360000000 | AK57: 4578510000000 | AL57: 4097860000000
N58: 0.0560102 | O58: 0.0565396 | P58: 22715100000000 | Q58: 1575290000 | R58: 0 | S58: 0 | T58: 2 | U58: 5580390000000 | V58: 4395590000000 | W58: 4432030000000 | X58: 3891340000000 | Y58: 4415690000000 | AA58: 0.0559271 | AB58: 0.0564474 | AC58: 21917400000000 | AD58: 1133770000 | AE58: 0 | AF58: 0 | AG58: 2 | AH58: 4506650000000 | AI58: 4416370000000 | AJ58: 4081720000000 | AK58: 4890350000000 | AL58: 4022040000000
N59: 0.0570144 | O59: 0.0575244 | P59: 23280400000000 | Q59: 1560060000 | R59: 0 | S59: 0 | T59: 2 | U59: 5442950000000 | V59: 4812290000000 | W59: 4534540000000 | X59: 4220450000000 | Y59: 4269660000000

Sheet 400K_SR100_Stress
A1: Config 1 | D1: Config 2 | G1: Config3 | J1: AverageValue of Last 0.5%
A2: 0.000155883 | B2: 69729500 | D2: 0.000196169 | E2: 73268700 | G2: 0.000179591 | H2: 71795600 | K2: TotalStress | L2: RhoI | M2: Rho | N2: TauF1 | O2: TauF2 | P2: TauF | Q2: Tau | R2: Tau/TauF | S2: RhoI/Rho
A3: 0.00102797 | B3: 94937300 | D3: 0.0010481 | E3: 105376000 | G3: 0.00102515 | H3: 93099300 | J3: Config1 | K3: =AVERAGE(B28:B32)/1000000 -> 123.277 | L3: =AVERAGE('400K_SR100'!L28:L32) -> 3903980000000 | M3: =AVERAGE('400K_SR100'!C28:C32) -> 23728400000000 | N3: =Graphs!$B$1*80.9*0.248*SQRT(L3)/1000000 -> 19.820929 | O3: =Graphs!$B$2*80.9*0.248*SQRT(M3)/1000000 -> 4.8865735 | P3: =SQRT(N3^2+O3^2) -> 20.414402 | Q3: =K3*0.4707 -> 58.026484 | R3: =Q3/P3 -> 2.8424288 | S3: =L3/M3 -> 0.16452774
A4: 0.00197426 | B4: 106634000 | D4: 0.00200316 | E4: 107447000 | G4: 0.00196625 | H4: 104645000 | J4: Config2 | K4: =AVERAGE(E28:E32)/1000000 -> 119.2764 | L4: =AVERAGE('400K_SR100'!Y28:Y32) -> 4314250000000 | M4: =AVERAGE('400K_SR100'!P28:P32) -> 23243440000000 | N4: =Graphs!$B$1*80.9*0.248*SQRT(L4)/1000000 -> 20.836408 | O4: =Graphs!$B$2*80.9*0.248*SQRT(M4)/1000000 -> 4.8363799 | P4: =SQRT(N4^2+O4^2) -> 21.390336 | Q4: =K4*0.4707 -> 56.143401 | R4: =Q4/P4 -> 2.6247087 | S4: =L4/M4 -> 0.18561151
A5: 0.00291712 | B5: 112220000 | D5: 0.00298964 | E5: 103506000 | G5: 0.0029996 | H5: 106207000 | J5: Config3 | K5: =AVERAGE(H28:H32)/1000000 -> 119.9114 | L5: =AVERAGE('400K_SR100'!AL28:AL32) -> 3379700000000 | M5: =AVERAGE('400K_SR100'!AC28:AC32) -> 23917760000000 | N5: =Graphs!$B$1*80.9*0.248*SQRT(L5)/1000000 -> 18.442054 | O5: =Graphs!$B$2*80.9*0.248*SQRT(M5)/1000000 -> 4.9060329 | P5: =SQRT(N5^2+O5^2) -> 19.083462 | Q5: =K5*0.4707 -> 56.442296 | R5: =Q5/P5 -> 2.957655 | S5: =L5/M5 -> 0.14130504
A6: 0.00400789 | B6: 109887000 | D6: 0.00394761 | E6: 112239000 | G6: 0.00399149 | H6: 118746000
A7: 0.0050092 | B7: 108215000 | D7: 0.0050094 | E7: 110580000 | G7: 0.00509917 | H7: 116590000
A8: 0.00596973 | B8: 122856000 | D8: 0.00586578 | E8: 112700000 | G8: 0.00603026 | H8: 120793000
A9: 0.0070193 | B9: 121351000 | D9: 0.00700285 | E9: 116188000 | G9: 0.0070409 | H9: 123563000 | J9: Config1 | K9: =AVERAGE(B12:B16)/1000000 -> 119.5942 | L9: =AVERAGE('400K_SR100'!L12:L16) -> 3779372000000 | M9: =AVERAGE('400K_SR100'!C12:C16) -> 24103540000000 | N9: =Graphs!$B$1*80.9*0.248*SQRT(L9)/1000000 -> 19.502039 | O9: =Graphs!$B$2*80.9*0.248*SQRT(M9)/1000000 -> 4.9250498 | P9: =SQRT(N9^2+O9^2) -> 20.114315 | Q9: =K9*0.4707 -> 56.29299 | R9: =Q9/P9 -> 2.7986532 | S9: =L9/M9 -> 0.15679738
A10: 0.00805623 | B10: 118217000 | D10: 0.00797551 | E10: 119959000 | G10: 0.00799033 | H10: 122113000 | J10: Config2 | K10: =AVERAGE(E12:E16)/1000000 -> 122.8908 | L10: =AVERAGE('400K_SR100'!Y12:Y16) -> 3751540000000 | M10: =AVERAGE('400K_SR100'!P12:P16) -> 23849300000000 | N10: =Graphs!$B$1*80.9*0.248*SQRT(L10)/1000000 -> 19.430098 | O10: =Graphs!$B$2*80.9*0.248*SQRT(M10)/1000000 -> 4.8990066 | P10: =SQRT(N10^2+O10^2) -> 20.038188 | Q10: =K10*0.4707 -> 57.8447 | R10: =Q10/P10 -> 2.886723 | S10: =L10/M10 -> 0.15730189
A11: 0.00902182 | B11: 122011000 | D11: 0.00901181 | E11: 120250000 | G11: 0.00900718 | H11: 123556000 | J11: Config3 | K11: =AVERAGE(H12:H16)/1000000 -> 123.1772 | L11: =AVERAGE('400K_SR100'!AL12:AL16) -> 3814084000000 | M11: =AVERAGE('400K_SR100'!AC12:AC16) -> 24857600000000 | N11: =Graphs!$B$1*80.9*0.248*SQRT(L11)/1000000 -> 19.591394 | O11: =Graphs!$B$2*80.9*0.248*SQRT(M11)/1000000 -> 5.0014946 | P11: =SQRT(N11^2+O11^2) -> 20.219734 | Q11: =K11*0.4707 -> 57.979508 | R11: =Q11/P11 -> 2.8674713 | S11: =L11/M11 -> 0.15343734
A12: 0.0100101 | B12: 119808000 | D12: 0.0100437 | E12: 122036000 | G12: 0.0100333 | H12: 124372000
A13: 0.0109733 | B13: 121082000 | D13: 0.0109049 | E13: 123833000 | G13: 0.0109615 | H13: 125435000
A14: 0.0120833 | B14: 121770000 | D14: 0.0119735 | E14: 121055000 | G14: 0.0119779 | H14: 126182000
A15: 0.0130319 | B15: 118959000 | D15: 0.0129866 | E15: 124607000 | G15: 0.0130332 | H15: 122258000
A16: 0.0140281 | B16: 116352000 | D16: 0.0140029 | E16: 122923000 | G16: 0.0139579 | H16: 117639000
A17: 0.0151244 | B17: 121602000 | D17: 0.0150812 | E17: 118062000 | G17: 0.0150075 | H17: 121369000
A18: 0.016009 | B18: 117290000 | D18: 0.0160005 | E18: 123667000 | G18: 0.0160345 | H18: 117916000
A19: 0.0169626 | B19: 118016000 | D19: 0.0169836 | E19: 115736000 | G19: 0.016968 | H19: 115897000
A20: 0.0179285 | B20: 113937000 | D20: 0.0179907 | E20: 121439000 | G20: 0.0180418 | H20: 124706000
A21: 0.0190287 | B21: 118259000 | D21: 0.0189817 | E21: 123129000 | G21: 0.0189963 | H21: 117985000
A22: 0.0198989 | B22: 122442000 | D22: 0.0200237 | E22: 123856000 | G22: 0.0199882 | H22: 124681000
A23: 0.0210385 | B23: 124081000 | D23: 0.0208729 | E23: 121273000 | G23: 0.0209022 | H23: 125118000
... A52: 0.0497869 | B52: 119643000 | D52: 0.0498944 | E52: 123743000 | G52: 0.0500437 | H52: 123616000
G53: 0.0510282 | H53: 122038000

Sheet 400K_SR100
A1: Config1 | N1: Config2 | AA1: Config3 | AN1: Pstrain | AO1: Total | AP1: Totalmin | AQ1: Totalmax | AR1: Junction | AS1: Junctionmin | AT1: Junctionmax
A2: 0.000196169 | B2: 0.000545317 | C2: 19976400000000 | D2: 2155210000 | E2: 0 | F2: 0 | G2: 2 | H2: 5438550000000 | I2: 4633250000000 | J2: 4601030000000 | K2: 4668390000000 | L2: 635143000000 | N2: 0.000155883 | O2: 0.000488164 | P2: 19947900000000 | Q2: 4257350000 | R2: 0 | S2: 0 | T2: 2 | U2: 5480820000000 | V2: 4665970000000 | W2: 4681020000000 | X2: 4699770000000 | Y2: 420275000000 | AA2: 0.000179591 | AB2: 0.000521718 | AC2: 19784600000000 | AD2: 2325900000 | AE2: 0 | AF2: 0 | AG2: 2 | AH2: 4853630000000 | AI2: 4838600000000 | AJ2: 4836740000000 | AK2: 4862650000000 | AL2: 392979000000 | AN2: =A2 -> 0.000196169 | AO2: =(C2+P2+AC2)/3 -> 1.9902967e+13 | AP2: =MIN(C2,P2,AC2) -> 19784600000000 | AQ2: =MAX(C2,P2,AC2) -> 19976400000000 | AR2: =(L2+Y2+AL2)/3 -> 482799000000 | AS2: =MIN(L2,Y2,AL2) -> 392979000000 | AT2: =MAX(L2,Y2,AL2) -> 635143000000
A3: 0.0010481 | B3: 0.00155024 | C3: 21094500000000 | D3: 402326000 | E3: 0 | F3: 0 | G3: 2 | H3: 5491670000000 | I3: 4952960000000 | J3: 4627690000000 | K3: 4942720000000 | L3: 1079500000000 | N3: 0.00102797 | O3: 0.00148036 | P3: 20593900000000 | Q3: 1239070000 | R3: 0 | S3: 0 | T3: 2 | U3: 5544470000000 | V3: 4718340000000 | W3: 4740000000000 | X3: 4726220000000 | Y3: 864838000000 | AA3: 0.00102515 | AB3: 0.00146879 | AC3: 20329300000000 | AD3: 1896930000 | AE3: 0 | AF3: 0 | AG3: 2 | AH3: 4977490000000 | AI3: 4896810000000 | AJ3: 4896380000000 | AK3: 4955380000000 | AL3: 603212000000 | AN3: =A3 -> 0.0010481 | AO3: =(C3+P3+AC3)/3 -> 2.0672567e+13 | AP3: =MIN(C3,P3,AC3) -> 20329300000000 | AQ3: =MAX(C3,P3,AC3) -> 21094500000000 | AR3: =(L3+Y3+AL3)/3 -> 8.4918333e+11 | AS3: =MIN(L3,Y3,AL3) -> 603212000000 | AT3: =MAX(L3,Y3,AL3) -> 1079500000000
A4: 0.00200316 | B4: 0.00251517 | C4: 21940900000000 | D4: 1430210000 | E4: 0 | F4: 0 | G4: 2 | H4: 5544780000000 | I4: 5248390000000 | J4: 4587280000000 | K4: 5097490000000 | L4: 1462900000000 | N4: 0.00197426 | O4: 0.0024824 | P4: 21626300000000 | Q4: 1615600000 | R4: 0 | S4: 0 | T4: 2 | U4: 5668590000000 | V4: 4975820000000 | W4: 4843810000000 | X4: 4714610000000 | Y4: 1423450000000 | AA4: 0.00196625 | AB4: 0.0024649 | AC4: 21010700000000 | AD4: 1117640000 | AE4: 0 | AF4: 0 | AG4: 2 | AH4: 4960490000000 | AI4: 5030460000000 | AJ4: 4860050000000 | AK4: 4838680000000 | AL4: 1320800000000 | AN4: =A4 -> 0.00200316 | AO4: =(C4+P4+AC4)/3 -> 2.1525967e+13 | AP4: =MIN(C4,P4,AC4) -> 21010700000000 | AQ4: =MAX(C4,P4,AC4) -> 21940900000000 | AR4: =(L4+Y4+AL4)/3 -> 1.4023833e+12 | AS4: =MIN(L4,Y4,AL4) -> 1320800000000 | AT4: =MAX(L4,Y4,AL4) -> 1462900000000
A5: 0.00298964 | B5: 0.00348287 | C5: 21755400000000 | D5: 1270050000 | E5: 0 | F5: 0 | G5: 2 | H5: 5520680000000 | I5: 5244440000000 | J5: 4380520000000 | K5: 4825830000000 | L5: 1783910000000 | N5: 0.00291712 | O5: 0.00345187 | P5: 22308900000000 | Q5: 1598800000 | R5: 0 | S5: 0 | T5: 2 | U5: 5908190000000 | V5: 4838150000000 | W5: 4760470000000 | X5: 4767020000000 | Y5: 2035060000000 | AA5: 0.0029996 | AB5: 0.0035057 | AC5: 21349000000000 | AD5: 1106510000 | AE5: 0 | AF5: 0 | AG5: 2 | AH5: 4690620000000 | AI5: 4959260000000 | AJ5: 5184640000000 | AK5: 4946260000000 | AL5: 1568140000000 | AN5: =A5 -> 0.00298964 | AO5: =(C5+P5+AC5)/3 -> 2.1804433e+13 | AP5: =MIN(C5,P5,AC5) -> 21349000000000 | AQ5: =MAX(C5,P5,AC5) -> 22308900000000 | AR5: =(L5+Y5+AL5)/3 -> 1.7957033e+12 | AS5: =MIN(L5,Y5,AL5) -> 1568140000000 | AT5: =MAX(L5,Y5,AL5) -> 2035060000000
A6: 0.00394761 | B6: 0.00448244 | C6: 22263600000000 | D6: 3255640000 | E6: 0 | F6: 0 | G6: 2 | H6: 5716720000000 | I6: 4764760000000 | J6: 4301250000000 | K6: 4878950000000 | L6: 2601860000000 | N6: 0.00400789 | O6: 0.00453152 | P6: 22854900000000 | Q6: 1262070000 | R6: 0 | S6: 0 | T6: 2 | U6: 6355300000000 | V6: 4487220000000 | W6: 4875450000000 | X6: 4488400000000 | Y6: 2648210000000 | AA6: 0.00399149 | AB6: 0.00455735 | AC6: 22266800000000 | AD6: 1493640000 | AE6: 0 | AF6: 0 | AG6: 2 | AH6: 4774400000000 | AI6: 4918850000000 | AJ6: 5207840000000 | AK6: 4912800000000 | AL6: 2452940000000 | AN6: =A6 -> 0.00394761 | AO6: =(C6+P6+AC6)/3 -> 2.2461767e+13 | AP6: =MIN(C6,P6,AC6) -> 22263600000000 | AQ6: =MAX(C6,P6,AC6) -> 22854900000000 | AR6: =(L6+Y6+AL6)/3 -> 2567670000000 | AS6: =MIN(L6,Y6,AL6) -> 2452940000000 | AT6: =MAX(L6,Y6,AL6) -> 2648210000000
A7: 0.0050094 | B7: 0.00553633 | C7: 22695500000000 | D7: 1854750000 | E7: 0 | F7: 0 | G7: 2 | H7: 6087130000000 | I7: 4725330000000 | J7: 4533240000000 | K7: 4812570000000 | L7: 2535630000000 | N7: 0.0050092 | O7: 0.00552486 | P7: 24112700000000 | Q7: 1703090000 | R7: 0 | S7: 0 | T7: 2 | U7: 6025120000000 | V7: 4712900000000 | W7: 5227920000000 | X7: 4890750000000 | Y7: 3255990000000 | AA7: 0.00509917 | AB7: 0.00565475 | AC7: 23990200000000 | AD7: 2545850000 | AE7: 0 | AF7: 0 | AG7: 2 | AH7: 4602800000000 | AI7: 5427360000000 | AJ7: 5365010000000 | AK7: 4978490000000 | AL7: 3616090000000 | AN7: =A7 -> 0.0050094 | AO7: =(C7+P7+AC7)/3 -> 2.3599467e+13 | AP7: =MIN(C7,P7,AC7) -> 22695500000000 | AQ7: =MAX(C7,P7,AC7) -> 24112700000000 | AR7: =(L7+Y7+AL7)/3 -> 3.1359033e+12 | AS7: =MIN(L7,Y7,AL7) -> 2535630000000 | AT7: =MAX(L7,Y7,AL7) -> 3616090000000
A8: 0.00586578 | B8: 0.00640281 | C8: 22974300000000 | D8: 1554050000 | E8: 0 | F8: 0 | G8: 2 | H8: 6310740000000 | I8: 4364380000000 | J8: 4494190000000 | K8: 4883630000000 | L8: 2921120000000 | N8: 0.00596973 | O8: 0.00655516 | P8: 22980500000000 | Q8: 2101100000 | R8: 0 | S8: 0 | T8: 2 | U8: 5761330000000 | V8: 4431750000000 | W8: 5044300000000 | X8: 4195150000000 | Y8: 3547840000000 | AA8: 0.00603026 | AB8: 0.00660587 | AC8: 24379900000000 | AD8: 1899270000 | AE8: 0 | AF8: 0 | AG8: 2 | AH8: 4722790000000 | AI8: 5218150000000 | AJ8: 5904090000000 | AK8: 5224810000000 | AL8: 3309880000000 | AN8: =A8 -> 0.00586578 | AO8: =(C8+P8+AC8)/3 -> 23444900000000 | AP8: =MIN(C8,P8,AC8) -> 22974300000000 | AQ8: =MAX(C8,P8,AC8) -> 24379900000000 | AR8: =(L8+Y8+AL8)/3 -> 3.2596133e+12 | AS8: =MIN(L8,Y8,AL8) -> 2921120000000 | AT8: =MAX(L8,Y8,AL8) -> 3547840000000
A9: 0.00700285 | B9: 0.0075565 | C9: 23568800000000 | D9: 1401270000 | E9: 0 | F9: 0 | G9: 2 | H9: 6430560000000 | I9: 4320190000000 | J9: 4673900000000 | K9: 5152780000000 | L9: 2990980000000 | N9: 0.0070193 | O9: 0.00759756 | P9: 23216000000000 | Q9: 3421920000 | R9: 0 | S9: 0 | T9: 2 | U9: 6210050000000 | V9: 4273490000000 | W9: 4420300000000 | X9: 4273340000000 | Y9: 4038780000000 | AA9: 0.0070409 | AB9: 0.00762971 | AC9: 23980900000000 | AD9: 2337000000 | AE9: 0 | AF9: 0 | AG9: 2 | AH9: 4928690000000 | AI9: 5742750000000 | AJ9: 5039960000000 | AK9: 5015230000000 | AL9: 3254260000000 | AN9: =A9 -> 0.00700285 | AO9: =(C9+P9+AC9)/3 -> 2.3588567e+13 | AP9: =MIN(C9,P9,AC9) -> 23216000000000 | AQ9: =MAX(C9,P9,AC9) -> 23980900000000 | AR9: =(L9+Y9+AL9)/3 -> 3.4280067e+12 | AS9: =MIN(L9,Y9,AL9) -> 2990980000000 | AT9: =MAX(L9,Y9,AL9) -> 4038780000000
A10: 0.00797551 | B10: 0.00854714 | C10: 23048600000000 | D10: 2710900000 | E10: 0 | F10: 0 | G10: 2 | H10: 6238720000000 | I10: 4330620000000 | J10: 4433890000000 | K10: 4882760000000 | L10: 3162520000000 | N10: 0.00805623 | O10: 0.00861955 | P10: 22582800000000 | Q10: 1323590000 | R10: 0 | S10: 0 | T10: 2 | U10: 5640200000000 | V10: 4435440000000 | W10: 4565200000000 | X10: 4353070000000 | Y10: 3588830000000 | AA10: 0.00799033 | AB10: 0.00857223 | AC10: 23593700000000 | AD10: 4411730000 | AE10: 0 | AF10: 0 | AG10: 2 | AH10: 4976240000000 | AI10: 5308630000000 | AJ10: 5421080000000 | AK10: 4648820000000 | AL10: 3237940000000 | AN10: =A10 -> 0.00797551 | AO10: =(C10+P10+AC10)/3 -> 2.3075033e+13 | AP10: =MIN(C10,P10,AC10) -> 22582800000000 | AQ10: =MAX(C10,P10,AC10) -> 23593700000000 | AR10: =(L10+Y10+AL10)/3 -> 3.3297633e+12 | AS10: =MIN(L10,Y10,AL10) -> 3162520000000 | AT10: =MAX(L10,Y10,AL10) -> 3588830000000
A11: 0.00901181 | B11: 0.00958482 | C11: 23440800000000 | D11: 1399710000 | E11: 0 | F11: 0 | G11: 2 | H11: 6182910000000 | I11: 4285440000000 | J11: 4539160000000 | K11: 4681780000000 | L11: 3751360000000 | N11: 0.00902182 | O11: 0.00960323 | P11: 23048600000000 | Q11: 2068280000 | R11: 0 | S11: 0 | T11: 2 | U11: 5692060000000 | V11: 4749970000000 | W11: 4502840000000 | X11: 4656830000000 | Y11: 3446080000000 | AA11: 0.00900718 | AB11: 0.00959596 | AC11: 23713800000000 | AD11: 2747420000 | AE11: 0 | AF11: 0 | AG11: 2 | AH11: 4719920000000 | AI11: 5150050000000 | AJ11: 5475450000000 | AK11: 4723830000000 | AL11: 3637480000000 | AN11: =A11 -> 0.00901181 | AO11: =(C11+P11+AC11)/3 -> 2.3401067e+13 | AP11: =MIN(C11,P11,AC11) -> 23048600000000 | AQ11: =MAX(C11,P11,AC11) -> 23713800000000 | AR11: =(L11+Y11+AL11)/3 -> 3611640000000 | AS11: =MIN(L11,Y11,AL11) -> 3446080000000 | AT11: =MAX(L11,Y11,AL11) -> 3751360000000
A12: 0.0100437 | B12: 0.0106252 | C12: 23857600000000 | D12: 1907800000 | E12: 0 | F12: 0 | G12: 2 | H12: 5931140000000 | I12: 4388310000000 | J12: 4633710000000 | K12: 5069520000000 | L12: 3834800000000 | N12: 0.0100101 | O12: 0.010581 | P12: 23561700000000 | Q12: 2014550000 | R12: 0 | S12: 0 | T12: 2 | U12: 5847520000000 | V12: 5113890000000 | W12: 4365080000000 | X12: 5132890000000 | Y12: 3102290000000 | AA12: 0.0100333 | AB12: 0.010626 | AC12: 24559200000000 | AD12: 3812500000 | AE12: 0 | AF12: 0 | AG12: 2 | AH12: 5441440000000 | AI12: 5669390000000 | AJ12: 5057620000000 | AK12: 5005640000000 | AL12: 3385120000000 | AN12: =A12 -> 0.0100437 | AO12: =(C12+P12+AC12)/3 -> 2.3992833e+13 | AP12: =MIN(C12,P12,AC12) -> 23561700000000 | AQ12: =MAX(C12,P12,AC12) -> 24559200000000 | AR12: =(L12+Y12+AL12)/3 -> 3.4407367e+12 | AS12: =MIN(L12,Y12,AL12) -> 3102290000000 | AT12: =MAX(L12,Y12,AL12) -> 3834800000000
A13: 0.0109049 | B13: 0.0114949 | C13: 24305900000000 | D13: 1350710000 | E13: 0 | F13: 0 | G13: 2 | H13: 6180930000000 | I13: 4681930000000 | J13: 4876280000000 | K13: 4875950000000 | L13: 3690590000000 | N13: 0.0109733 | O13: 0.0115502 | P13: 23835900000000 | Q13: 2010300000 | R13: 0 | S13: 0 | T13: 2 | U13: 6098210000000 | V13: 5273010000000 | W13: 4448590000000 | X13: 4465030000000 | Y13: 3551000000000 | AA13: 0.0109615 | AB13: 0.0115592 | AC13: 24365000000000 | AD13: 2289850000 | AE13: 0 | AF13: 0 | AG13: 2 | AH13: 5315160000000 | AI13: 5318000000000 | AJ13: 5236560000000 | AK13: 4758480000000 | AL13: 3736780000000 | AN13: =A13 -> 0.0109049 | AO13: =(C13+P13+AC13)/3 -> 2.4168933e+13 | AP13: =MIN(C13,P13,AC13) -> 23835900000000 | AQ13: =MAX(C13,P13,AC13) -> 24365000000000 | AR13: =(L13+Y13+AL13)/3 -> 3.6594567e+12 | AS13: =MIN(L13,Y13,AL13) -> 3551000000000 | AT13: =MAX(L13,Y13,AL13) -> 3736780000000
... A52: 0.0498944 | B52: 0.0504841 | C52: 23775300000000 | D52: 3241410000 | E52: 0 | F52: 0 | G52: 2 | H52: 4896080000000 | I52: 5197940000000 | J52: 4559850000000 | K52: 5145320000000 | L52: 3976060000000 | N52: 0.0497869 | O52: 0.050357 | P52: 24381700000000 | Q52: 2444630000 | R52: 0 | S52: 0 | T52: 2 | U52: 5742620000000 | V52: 4501830000000 | W52: 5337500000000 | X52: 5390250000000 | Y52: 3409480000000 | AA52: 0.0500437 | AB52: 0.0506328 | AC52: 23048100000000 | AD52: 3370680000 | AE52: 0 | AF52: 0 | AG52: 2 | AH52: 4659780000000 | AI52: 4965200000000 | AJ52: 4362880000000 | AK52: 5244240000000 | AL52: 3815940000000 | AN52: =A52 -> 0.0498944 | AO52: =(C52+P52+AC52)/3 -> 2.3735033e+13 | AP52: =MIN(C52,P52,AC52) -> 23048100000000 | AQ52: =MAX(C52,P52,AC52) -> 24381700000000 | AR52: =(L52+Y52+AL52)/3 -> 3.7338267e+12 | AS52: =MIN(L52,Y52,AL52) -> 3409480000000 | AT52: =MAX(L52,Y52,AL52) -> 3976060000000
AA53: 0.0510282 | AB53: 0.0516098 | AC53: 23246000000000 | AD53: 1946410000 | AE53: 0 | AF53: 0 | AG53: 2 | AH53: 4714670000000 | AI53: 4923560000000 | AJ53: 4558840000000 | AK53: 5155050000000 | AL53: 3893910000000

Sheet 400K_SR1000_Stress
A1: Config 1 | D1: Config 2 | G1: Config3 | J1: AverageValue of Last 0.5%
A2: 0.00104202 | B2: 157158000 | D2: 0.00106296 | E2: 191525000 | G2: 0.00113959 | H2: 157272000 | K2: TotalStress | L2: RhoI | M2: Rho | N2: TauF1 | O2: TauF2 | P2: TauF | Q2: Tau | R2: Tau/TauF | S2: RhoI/Rho
A3: 0.00217019 | B3: 160898000 | D3: 0.00178865 | E3: 185187000 | G3: 0.0021483 | H3: 157662000 | J3: Config1 | K3: =AVERAGE(B28:B32)/1000000 -> 149.0194 | L3: =AVERAGE('400K_SR1000'!L28:L32) -> 2715832000000 | M3: =AVERAGE('400K_SR1000'!C28:C32) -> 31860500000000 | N3: =Graphs!$B$1*80.9*0.248*SQRT(L3)/1000000 -> 16.531858 | O3: =Graphs!$B$2*80.9*0.248*SQRT(M3)/1000000 -> 5.6623473 | P3: =SQRT(N3^2+O3^2) -> 17.474682 | Q3: =K3*0.4707 -> 70.143432 | R3: =Q3/P3 -> 4.0140034 | S3: =L3/M3 -> 0.085241349
A4: 0.00287935 | B4: 155316000 | D4: 0.00300158 | E4: 180370000 | G4: 0.00310114 | H4: 149057000 | J4: Config2 | K4: =AVERAGE(E28:E32)/1000000 -> 168.1902 | L4: =AVERAGE('400K_SR1000'!Y28:Y32) -> 3441940000000 | M4: =AVERAGE('400K_SR1000'!P28:P32) -> 36401260000000 | N4: =Graphs!$B$1*80.9*0.248*SQRT(L4)/1000000 -> 18.611092 | O4: =Graphs!$B$2*80.9*0.248*SQRT(M4)/1000000 -> 6.052411 | P4: =SQRT(N4^2+O4^2) -> 19.570499 | Q4: =K4*0.4707 -> 79.167127 | R4: =Q4/P4 -> 4.0452279 | S4: =L4/M4 -> 0.094555518
A5: 0.0041307 | B5: 154543000 | D5: 0.00400231 | E5: 165287000 | G5: 0.00377128 | H5: 149178000 | J5: Config3 | K5: =AVERAGE(H28:H32)/1000000 -> 153.9396 | L5: =AVERAGE('400K_SR1000'!AL28:AL32) -> 3102704000000 | M5: =AVERAGE('400K_SR1000'!AC28:AC32) -> 31598620000000 | N5: =Graphs!$B$1*80.9*0.248*SQRT(L5)/1000000 -> 17.670156 | O5: =Graphs!$B$2*80.9*0.248*SQRT(M5)/1000000 -> 5.6390282 | P5: =SQRT(N5^2+O5^2) -> 18.548128 | Q5: =K5*0.4707 -> 72.45937 | R5: =Q5/P5 -> 3.9065598 | S5: =L5/M5 -> 0.098191124
A6: 0.00500823 | B6: 157272000 | D6: 0.00502322 | E6: 165130000 | G6: 0.00506494 | H6: 151651000
A7: 0.00603591 | B7: 150362000 | D7: 0.00598238 | E7: 178535000 | G7: 0.00598056 | H7: 151887000
A8: 0.00701899 | B8: 147117000 | D8: 0.00696948 | E8: 175386000 | G8: 0.00704911 | H8: 145825000
A9: 0.00797803 | B9: 144778000 | D9: 0.00797529 | E9: 165094000 | G9: 0.00796862 | H9: 150428000 | K9: TotalStress | L9: RhoI | M9: Rho | N9: TauF1 | O9: TauF2 | P9: TauF | Q9: Tau | R9: Tau/TauF | S9: RhoI/Rho
A10: 0.00904661 | B10: 157198000 | D10: 0.00898273 | E10: 170782000 | G10: 0.00892959 | H10: 153762000 | J10: Config1 | K10: =AVERAGE(B12:B16)/1000000 -> 149.8292 | L10: =AVERAGE('400K_SR1000'!L12:L16) -> 1667516000000 | M10: =AVERAGE('400K_SR1000'!C12:C16) -> 27919060000000 | N10: =Graphs!$B$1*80.9*0.248*SQRT(L10)/1000000 -> 12.954039 | O10: =Graphs!$B$2*80.9*0.248*SQRT(M10)/1000000 -> 5.3005459 | P10: =SQRT(N10^2+O10^2) -> 13.996533 | Q10: =K10*0.4707 -> 70.524604 | R10: =Q10/P10 -> 5.0387197 | S10: =L10/M10 -> 0.059726796
A11: 0.0100808 | B11: 152256000 | D11: 0.0100154 | E11: 175570000 | G11: 0.00995778 | H11: 152699000 | J11: Config2 | K11: =AVERAGE(E12:E16)/1000000 -> 173.3622 | L11: =AVERAGE('400K_SR1000'!Y12:Y16) -> 1926720000000 | M11: =AVERAGE('400K_SR1000'!P12:P16) -> 30823060000000 | N11: =Graphs!$B$1*80.9*0.248*SQRT(L11)/1000000 -> 13.924497 | O11: =Graphs!$B$2*80.9*0.248*SQRT(M11)/1000000 -> 5.5693958 | P11: =SQRT(N11^2+O11^2) -> 14.996992 | Q11: =K11*0.4707 -> 81.601588 | R11: =Q11/P11 -> 5.4411968 | S11: =L11/M11 -> 0.062509044
A12: 0.0109768 | B12: 146455000 | D12: 0.0110273 | E12: 171676000 | G12: 0.0109968 | H12: 148199000 | J12: Config3 | K12: =AVERAGE(H12:H16)/1000000 -> 145.9374 | L12: =AVERAGE('400K_SR1000'!AL12:AL16) -> 1447284000000 | M12: =AVERAGE('400K_SR1000'!AC12:AC16) -> 26524880000000 | N12: =Graphs!$B$1*80.9*0.248*SQRT(L12)/1000000 -> 12.068328 | O12: =Graphs!$B$2*80.9*0.248*SQRT(M12)/1000000 -> 5.1665058 | P12: =SQRT(N12^2+O12^2) -> 13.127731 | Q12: =K12*0.4707 -> 68.692734 | R12: =Q12/P12 -> 5.2326435 | S12: =L12/M12 -> 0.054563263
A13: 0.0119701 | B13: 156228000 | D13: 0.0119842 | E13: 168728000 | G13: 0.0120121 | H13: 145515000
A14: 0.0131279 | B14: 148380000 | D14: 0.0130274 | E14: 175622000 | G14: 0.0129114 | H14: 151023000
A15: 0.0139836 | B15: 148810000 | D15: 0.0140448 | E15: 177236000 | G15: 0.0140355 | H15: 138275000
A16: 0.0150589 | B16: 149273000 | D16: 0.0150208 | E16: 173549000 | G16: 0.0150428 | H16: 146675000
A17: 0.0159503 | B17: 146565000 | D17: 0.0160182 | E17: 175367000 | G17: 0.0161557 | H17: 144518000
A18: 0.0169981 | B18: 147928000 | D18: 0.0169917 | E18: 168587000 | G18: 0.0169781 | H18: 149109000
A19: 0.0179449 | B19: 150207000 | D19: 0.0179888 | E19: 175976000 | G19: 0.0180262 | H19: 144974000
A20: 0.0190204 | B20: 159443000 | D20: 0.0189754 | E20: 159957000 | G20: 0.0190051 | H20: 142249000
A21: 0.0200359 | B21: 156035000 | D21: 0.020003 | E21: 170631000 | G21: 0.0199444 | H21: 144082000
A22: 0.0210272 | B22: 157920000 | D22: 0.0210273 | E22: 163680000 | G22: 0.0210546 | H22: 143607000
A23: 0.0221185 | B23: 160771000 | D23: 0.0220152 | E23: 171436000 | G23: 0.022085 | H23: 142458000
A24: 0.0229745 | B24: 149953000 | D24: 0.0230107 | E24: 166157000 | G24: 0.0230954 | H24: 156607000
... A33: 0.0320134 | B33: 147838000 | D33: 0.0320434 | E33: 169975000 | G33: 0.0318878 | H33: 156469000
A34: 0.0330599 | B34: 149843000 | D34: 0.0330343 | E34: 168485000
A35: 0.0339712 | B35: 146569000 | D35: 0.0340003 | E35: 171832000
A36: 0.0349792 | B36: 145832000 | D36: 0.0350136 | E36: 152070000
A37: 0.0360078 | B37: 150556000 | D37: 0.0359662 | E37: 160585000
A38: 0.037004 | B38: 143608000 | D38: 0.0369535 | E38: 170773000
A39: 0.037967 | B39: 148011000 | D39: 0.0379783 | E39: 167691000
A40: 0.0388767 | B40: 155275000 | D40: 0.0389621 | E40: 167016000
A41: 0.0399596 | B41: 149144000 | D41: 0.0399833 | E41: 164057000
A42: 0.0410086 | B42: 155816000 | D42: 0.0410304 | E42: 165824000
A43: 0.0419976 | B43: 150035000 | D43: 0.0419987 | E43: 168557000
A44: 0.0429526 | B44: 152952000 | D44: 0.0430261 | E44: 166091000
A45: 0.0440666 | B45: 146263000 | D45: 0.0440602 | E45: 160891000
... A54: 0.0529967 | B54: 151794000 | D54: 0.0530327 | E54: 172956000
A55: 0.0539626 | B55: 164297000

Sheet 400K_SR1000
A1: Config1 | N1: Config2 | AA1: Config3 | AN1: Pstrain | AO1: Total | AP1: Totalmin | AQ1: Totalmax | AR1: Junction | AS1: Junctionmin | AT1: Junctionmax
A2: 0.00104202 | B2: 0.00179094 | C2: 20966300000000 | D2: 4675300000 | E2: 0 | F2: 0 | G2: 2 | H2: 5841500000000 | I2: 4892930000000 | J2: 4964040000000 | K2: 5055090000000 | L2: 212759000000 | N2: 0.000246174 | O2: 0.00102935 | P2: 20330900000000 | Q2: 3743700000 | R2: 0 | S2: 0 | T2: 2 | U2: 5627840000000 | V2: 4774670000000 | W2: 4863030000000 | X2: 4834510000000 | Y2: 230842000000 | AA2: 0.00113959 | AB2: 0.00188902 | AC2: 21154300000000 | AD2: 1060680000 | AE2: 0 | AF2: 0 | AG2: 2 | AH2: 5202280000000 | AI2: 5190980000000 | AJ2: 5253580000000 | AK2: 5193290000000 | AL2: 314122000000 | AN2: =A2 -> 0.00104202 | AO2: =(C2+P2+AC2)/3 -> 2.0817167e+13 | AP2: =MIN(C2,P2,AC2) -> 20330900000000 | AQ2: =MAX(C2,P2,AC2) -> 21154300000000 | AR2: =(L2+Y2+AL2)/3 -> 2.5257433e+11 | AS2: =MIN(L2,Y2,AL2) -> 212759000000 | AT2: =MAX(L2,Y2,AL2) -> 314122000000
A3: 0.00217019 | B3: 0.00293691 | C3: 22749700000000 | D3: 2431500000 | E3: 0 | F3: 0 | G3: 2 | H3: 6127000000000 | I3: 5056740000000 | J3: 5352380000000 | K3: 5735480000000 | L3: 478113000000 | N3: 0.00106296 | O3: 0.00197564 | P3: 21744500000000 | Q3: 6275740000 | R3: 0 | S3: 0 | T3: 2 | U3: 6109810000000 | V3: 4998040000000 | W3: 5258820000000 | X3: 5053040000000 | Y3: 324818000000 | AA3: 0.0021483 | AB3: 0.00289959 | AC3: 23373300000000 | AD3: 3751640000 | AE3: 0 | AF3: 0 | AG3: 2 | AH3: 5527180000000 | AI3: 5476100000000 | AJ3: 5848000000000 | AK3: 5834020000000 | AL3: 688007000000 | AN3: =A3 -> 0.00217019 | AO3: =(C3+P3+AC3)/3 -> 22622500000000 | AP3: =MIN(C3,P3,AC3) -> 21744500000000 | AQ3: =MAX(C3,P3,AC3) -> 23373300000000 | AR3: =(L3+Y3+AL3)/3 -> 4.9697933e+11 | AS3: =MIN(L3,Y3,AL3) -> 324818000000 | AT3: =MAX(L3,Y3,AL3) -> 688007000000
A4: 0.00287935 | B4: 0.00361945 | C4: 23524300000000 | D4: 2523850000 | E4: 0 | F4: 0 | G4: 2 | H4: 6093800000000 | I4: 5418710000000 | J4: 5609460000000 | K4: 5755980000000 | L4: 646354000000 | N4: 0.00178865 | O4: 0.00267112 | P4: 22347300000000 | Q4: 3754020000 | R4: 0 | S4: 0 | T4: 2 | U4: 6433320000000 | V4: 5061690000000 | W4: 5100350000000 | X4: 5361730000000 | Y4: 390187000000 | AA4: 0.00310114 | AB4: 0.00381142 | AC4: 25427500000000 | AD4: 4239570000 | AE4: 0 | AF4: 0 | AG4: 2 | AH4: 5540300000000 | AI4: 6657420000000 | AJ4: 7138820000000 | AK4: 5375490000000 | AL4: 715486000000 | AN4: =A4 -> 0.00287935 | AO4: =(C4+P4+AC4)/3 -> 2.3766367e+13 | AP4: =MIN(C4,P4,AC4) -> 22347300000000 | AQ4: =MAX(C4,P4,AC4) -> 25427500000000 | AR4: =(L4+Y4+AL4)/3 -> 584009000000 | AS4: =MIN(L4,Y4,AL4) -> 390187000000 | AT4: =MAX(L4,Y4,AL4) -> 715486000000
A5: 0.0041307 | B5: 0.00486712 | C5: 24865500000000 | D5: 3110790000 | E5: 0 | F5: 0 | G5: 2 | H5: 7209420000000 | I5: 5771810000000 | J5: 5389690000000 | K5: 5573580000000 | L5: 920959000000 | N5: 0.00300158 | O5: 0.00386116 | P5: 26964600000000 | Q5: 18726400000 | R5: 0 | S5: 0 | T5: 2 | U5: 6678240000000 | V5: 7521180000000 | W5: 5099380000000 | X5: 6925740000000 | Y5: 740044000000 | AA5: 0.00377128 | AB5: 0.00448214 | AC5: 24965000000000 | AD5: 2934250000 | AE5: 0 | AF5: 0 | AG5: 2 | AH5: 6025670000000 | AI5: 5955190000000 | AJ5: 6588090000000 | AK5: 5654540000000 | AL5: 741474000000 | AN5: =A5 -> 0.0041307 | AO5: =(C5+P5+AC5)/3 -> 2.5598367e+13 | AP5: =MIN(C5,P5,AC5) -> 24865500000000 | AQ5: =MAX(C5,P5,AC5) -> 26964600000000 | AR5: =(L5+Y5+AL5)/3 -> 8.0082567e+11 | AS5: =MIN(L5,Y5,AL5) -> 740044000000 | AT5: =MAX(L5,Y5,AL5) -> 920959000000
A6: 0.00500823 | B6: 0.00575766 | C6: 25957700000000 | D6: 5247360000 | E6: 0 | F6: 0 | G6: 2 | H6: 6622860000000 | I6: 6145120000000 | J6: 6040700000000 | K6: 5902840000000 | L6: 1246150000000 | N6: 0.00400231 | O6: 0.00479001 | P6: 27284600000000 | Q6: 26795400000 | R6: 0 | S6: 0 | T6: 2 | U6: 7242430000000 | V6: 7761030000000 | W6: 5513570000000 | X6: 5706360000000 | Y6: 1061240000000 | AA6: 0.00506494 | AB6: 0.00578759 | AC6: 27335500000000 | AD6: 4247220000 | AE6: 0 | AF6: 0 | AG6: 2 | AH6: 7395650000000 | AI6: 7063870000000 | AJ6: 5391300000000 | AK6: 6449560000000 | AL6: 1035080000000 | AN6: =A6 -> 0.00500823 | AO6: =(C6+P6+AC6)/3 -> 2.6859267e+13 | AP6: =MIN(C6,P6,AC6) -> 25957700000000 | AQ6: =MAX(C6,P6,AC6) -> 27335500000000 | AR6: =(L6+Y6+AL6)/3 -> 1.1141567e+12 | AS6: =MIN(L6,Y6,AL6) -> 1035080000000 | AT6: =MAX(L6,Y6,AL6) -> 1246150000000
A7: 0.00603591 | B7: 0.00675241 | C7: 25675700000000 | D7: 4204760000 | E7: 0 | F7: 0 | G7: 2 | H7: 6586200000000 | I7: 5641190000000 | J7: 6579420000000 | K7: 5474400000000 | L7: 1394480000000 | N7: 0.00502322 | O7: 0.00581017 | P7: 26221300000000 | Q7: 27585400000 | R7: 0 | S7: 0 | T7: 2 | U7: 7194090000000 | V7: 6278740000000 | W7: 5965300000000 | X7: 5593710000000 | Y7: 1189450000000 | AA7: 0.00598056 | AB7: 0.00670434 | AC7: 26298500000000 | AD7: 5893070000 | AE7: 0 | AF7: 0 | AG7: 2 | AH7: 5431510000000 | AI7: 7031730000000 | AJ7: 5401160000000 | AK7: 7212230000000 | AL7: 1221870000000 | AN7: =A7 -> 0.00603591 | AO7: =(C7+P7+AC7)/3 -> 2.6065167e+13 | AP7: =MIN(C7,P7,AC7) -> 25675700000000 | AQ7: =MAX(C7,P7,AC7) -> 26298500000000 | AR7: =(L7+Y7+AL7)/3 -> 1268600000000 | AS7: =MIN(L7,Y7,AL7) -> 1189450000000 | AT7: =MAX(L7,Y7,AL7) -> 1394480000000
A8: 0.00701899 | B8: 0.00772004 | C8: 27605400000000 | D8: 6897270000 | E8: 0 | F8: 0 | G8: 2 | H8: 7387640000000 | I8: 5217900000000 | J8: 7633890000000 | K8: 5863590000000 | L8: 1502260000000 | N8: 0.00598238 | O8: 0.00683322 | P8: 26365100000000 | Q8: 24378800000 | R8: 0 | S8: 0 | T8: 2 | U8: 6811060000000 | V8: 6537280000000 | W8: 6025720000000 | X8: 5798230000000 | Y8: 1192800000000 | AA8: 0.00704911 | AB8: 0.00774399 | AC8: 27153600000000 | AD8: 7837490000 | AE8: 0 | AF8: 0 | AG8: 2 | AH8: 5477530000000 | AI8: 7934280000000 | AJ8: 5699400000000 | AK8: 6981820000000 | AL8: 1060510000000 | AN8: =A8 -> 0.00701899 | AO8: =(C8+P8+AC8)/3 -> 2.7041367e+13 | AP8: =MIN(C8,P8,AC8) -> 26365100000000 | AQ8: =MAX(C8,P8,AC8) -> 27605400000000 | AR8: =(L8+Y8+AL8)/3 -> 1.2518567e+12 | AS8: =MIN(L8,Y8,AL8) -> 1060510000000 | AT8: =MAX(L8,Y8,AL8) -> 1502260000000
A9: 0.00797803 | B9: 0.00866793 | C9: 26646400000000 | D9: 5583770000 | E9: 0 | F9: 0 | G9: 2 | H9: 7273120000000 | I9: 5392910000000 | J9: 6819630000000 | K9: 5820600000000 | L9: 1340170000000 | N9: 0.00696948 | O9: 0.00780528 | P9: 29368900000000 | Q9: 24795400000 | R9: 0 | S9: 0 | T9: 2 | U9: 7893750000000 | V9: 8257490000000 | W9: 6063860000000 | X9: 5739170000000 | Y9: 1414640000000 | AA9: 0.00796862 | AB9: 0.00868544 | AC9: 27201700000000 | AD9: 4864980000 | AE9: 0 | AF9: 0 | AG9: 2 | AH9: 6094370000000 | AI9: 7340010000000 | AJ9: 5766470000000 | AK9: 6382070000000 | AL9: 1618790000000 | AN9: =A9 -> 0.00797803 | AO9: =(C9+P9+AC9)/3 -> 27739000000000 | AP9: =MIN(C9,P9,AC9) -> 26646400000000 | AQ9: =MAX(C9,P9,AC9) -> 29368900000000 | AR9: =(L9+Y9+AL9)/3 -> 1.4578667e+12 | AS9: =MIN(L9,Y9,AL9) -> 1340170000000 | AT9: =MAX(L9,Y9,AL9) -> 1618790000000
A10: 0.00904661 | B10: 0.00979569 | C10: 26764900000000 | D10: 4509060000 | E10: 0 | F10: 0 | G10: 2 | H10: 6540370000000 | I10: 6043770000000 | J10: 6950680000000 | K10: 5828920000000 | L10: 1401120000000 | N10: 0.00797529 | O10: 0.00876205 | P10: 30762000000000 | Q10: 29653100000 | R10: 0 | S10: 0 | T10: 2 | U10: 8169680000000 | V10: 7632100000000 | W10: 7977190000000 | X10: 5282230000000 | Y10: 1700780000000 | AA10: 0.00892959 | AB10: 0.0096623 | AC10: 27370500000000 | AD10: 7241240000 | AE10: 0 | AF10: 0 | AG10: 2 | AH10: 6344760000000 | AI10: 7886510000000 | AJ10: 5464650000000 | AK10: 6014070000000 | AL10: 1660500000000 | AN10: =A10 -> 0.00904661 | AO10: =(C10+P10+AC10)/3 -> 2.8299133e+13 | AP10: =MIN(C10,P10,AC10) -> 26764900000000 | AQ10: =MAX(C10,P10,AC10) -> 30762000000000 | AR10: =(L10+Y10+AL10)/3 -> 1.5874667e+12 | AS10: =MIN(L10,Y10,AL10) -> 1401120000000 | AT10: =MAX(L10,Y10,AL10) -> 1700780000000
A11: 0.0100808 | B11: 0.0108063 | C11: 27148000000000 | D11: 4150280000 | E11: 0 | F11: 0 | G11: 2 | H11: 6451140000000 | I11: 6439860000000 | J11: 6959390000000 | K11: 5904690000000 | L11: 1392900000000 | N11: 0.00898273 | O11: 0.00979663 | P11: 28855700000000 | Q11: 24620700000 | R11: 0 | S11: 0 | T11: 2 | U11: 7747430000000 | V11: 8165260000000 | W11: 6512760000000 | X11: 4721820000000 | Y11: 1708420000000 | AA11: 0.00995778 | AB11: 0.0106854 | AC11: 27048900000000 | AD11: 11300300000 | AE11: 0 | AF11: 0 | AG11: 2 | AH11: 6026610000000 | AI11: 7365130000000 | AJ11: 5710100000000 | AK11: 6208380000000 | AL11: 1738650000000 | AN11: =A11 -> 0.0100808 | AO11: =(C11+P11+AC11)/3 -> 27684200000000 | AP11: =MIN(C11,P11,AC11) -> 27048900000000 | AQ11: =MAX(C11,P11,AC11) -> 28855700000000 | AR11: =(L11+Y11+AL11)/3 -> 1.6133233e+12 | AS11: =MIN(L11,Y11,AL11) -> 1392900000000 | AT11: =MAX(L11,Y11,AL11) -> 1738650000000
A12: 0.0109768 | B12: 0.0116747 | C12: 28247100000000 | D12: 9615030000 | E12: 0 | F12: 0 | G12: 2 | H12: 6347490000000 | I12: 7217460000000 | J12: 7126540000000 | K12: 6390310000000 | L12: 1165290000000 | N12: 0.0100154 | O12: 0.0108521 | P12: 30898100000000 | Q12: 27038500000 | R12: 0 | S12: 0 | T12: 2 | U12: 8148390000000 | V12: 9730500000000 | W12: 5779970000000 | X12: 5312290000000 | Y12: 1926980000000 | AA12: 0.0109968 | AB12: 0.0117031 | AC12: 26825000000000 | AD12: 6996390000 | AE12: 0 | AF12: 0 | AG12: 2 | AH12: 5615490000000 | AI12: 7579280000000 | AJ12: 6062400000000 | AK12: 6024800000000 | AL12: 1543000000000 | AN12: =A12 -> 0.0109768 | AO12: =(C12+P12+AC12)/3 -> 2.8656733e+13 | AP12: =MIN(C12,P12,AC12) -> 26825000000000 | AQ12: =MAX(C12,P12,AC12) -> 30898100000000 | AR12: =(L12+Y12+AL12)/3 -> 1545090000000 | AS12: =MIN(L12,Y12,AL12) -> 1165290000000 | AT12: =MAX(L12,Y12,AL12) -> 1926980000000
A13: 0.0119701 | B13: 0.0127146 | C13: 27239900000000 | D13: 6008510000 | E13: 0 | F13: 0 | G13: 2 | H13: 6729210000000 | I13: 6192820000000 | J13: 5880520000000 | K13: 6692520000000 | L13: 1744780000000 | N13: 0.0110273 | O13: 0.0118454 | P13: 31638400000000 | Q13: 32128900000 | R13: 0 | S13: 0 | T13: 2 | U13: 8658210000000 | V13: 9146560000000 | W13: 6645120000000 | X13: 5317460000000 | Y13: 1871090000000 | AA13: 0.0120121 | AB13: 0.0127056 | AC13: 26618300000000 | AD13: 5756910000 | AE13: 0 | AF13: 0 | AG13: 2 | AH13: 5923940000000 | AI13: 6719550000000 | AJ13: 6287550000000 | AK13: 6221750000000 | AL13: 1465470000000 | AN13: =A13 -> 0.0119701 | AO13: =(C13+P13+AC13)/3 -> 2.8498867e+13 | AP13: =MIN(C13,P13,AC13) -> 26618300000000 | AQ13: =MAX(C13,P13,AC13) -> 31638400000000 | AR13: =(L13+Y13+AL13)/3 -> 1693780000000 | AS13: =MIN(L13,Y13,AL13) -> 1465470000000 | AT13: =MAX(L13,Y13,AL13) -> 1871090000000
... A31: 0.0300372 | B31: 0.0307332 | C31: 32228700000000 | D31: 7509140000 | E31: 0 | F31: 0 | G31: 2 | H31: 7474250000000 | I31: 7277060000000 | J31: 6634440000000 | K31: 8304890000000 | L31: 2538080000000 | N31: 0.0290077 | O31: 0.0298475 | P31: 36026600000000 | Q31: 52826300000 | R31: 0 | S31: 0 | T31: 2 | U31: 8464460000000 | V31: 8652660000000 | W31: 8813910000000 | X31: 6329110000000 | Y31: 3766500000000 | AA31: 0.0299474 | AB31: 0.0306955 | AC31: 32379100000000 | AD31: 6914740000 | AE31: 0 | AF31: 0 | AG31: 2 | AH31: 7029990000000 | AI31: 6301680000000 | AJ31: 7807170000000 | AK31: 7288590000000 | AL31: 3951700000000 | AN31: =A31 -> 0.0300372 | AO31: =(C31+P31+AC31)/3 -> 33544800000000 | AP31: =MIN(C31,P31,AC31) -> 32228700000000 | AQ31: =MAX(C31,P31,AC31) -> 36026600000000 | AR31: =(L31+Y31+AL31)/3 -> 3418760000000 | AS31: =MIN(L31,Y31,AL31) -> 2538080000000 | AT31: =MAX(L31,Y31,AL31) -> 3951700000000
A32: 0.0309323 | B32: 0.031637 | C32: 31846500000000 | D32: 11691900000 | E32: 0 | F32: 0 | G32: 2 | H32: 7619240000000 | I32: 6877690000000 | J32: 6347020000000 | K32: 7802860000000 | L32: 3199720000000 | N32: 0.0299812 | O32: 0.0307846 | P32: 36784200000000 | Q32: 37023600000 | R32: 0 | S32: 0 | T32: 2 | U32: 7858870000000 | V32: 9219820000000 | W32: 8907790000000 | X32: 7062920000000 | Y32: 3734810000000 | AA32: 0.0309797 | AB32: 0.0317527 | AC32: 33581800000000 | AD32: 6616260000 | AE32: 0 | AF32: 0 | AG32: 2 | AH32: 7661220000000 | AI32: 6690890000000 | AJ32: 8700950000000 | AK32: 6463320000000 | AL32: 4065430000000
A33: 0.0320134 | B33: 0.0327179 | C33: 33710100000000 | D33: 6992340000 | E33: 0 | F33: 0 | G33: 2 | H33: 7618430000000 | I33: 8874140000000 | J33: 6539860000000 | K33: 7445290000000 | L33: 3232400000000 | N33: 0.0310202 | O33: 0.0318356 | P33: 36234400000000 | Q33: 45144100000 | R33: 0 | S33: 0 | T33: 2 | U33: 8345690000000 | V33: 8931920000000 | W33: 7765380000000 | X33: 7575360000000 | Y33: 3616050000000 | AA33: 0.0318878 | AB33: 0.0326334 | AC33: 33030600000000 | AD33: 10146500000 | AE33: 0 | AF33: 0 | AG33: 2 | AH33: 7264080000000 | AI33: 6687630000000 | AJ33: 7966320000000 | AK33: 7408530000000 | AL33: 3703940000000
A34: 0.0330599 | B34: 0.0337739 | C34: 34484000000000 | D34: 7919730000 | E34: 0 | F34: 0 | G34: 2 | H34: 7845650000000 | I34: 8741400000000 | J34: 6836660000000 | K34: 7712610000000 | L34: 3347710000000 | N34: 0.0320434 | O34: 0.0328535 | P34: 35519900000000 | Q34: 40231500000 | R34: 0 | S34: 0 | T34: 2 | U34: 8045170000000 | V34: 8097860000000 | W34: 8522440000000 | X34: 7662040000000 | Y34: 3192100000000
A35: 0.0339712 | B35: 0.0346696 | C35: 33771400000000 | D35: 9561960000 | E35: 0 | F35: 0 | G35: 2 | H35: 7708160000000 | I35: 7811150000000 | J35: 6873730000000 | K35: 7656660000000 | L35: 3721740000000 | N35: 0.0330343 | O35: 0.0338372 | P35: 35217900000000 | Q35: 44566500000 | R35: 0 | S35: 0 | T35: 2 | U35: 7895260000000 | V35: 7598530000000 | W35: 8919330000000 | X35: 7740810000000 | Y35: 3063930000000
A36: 0.0349792 | B36: 0.0356741 | C36: 34653400000000 | D36: 5099700000 | E36: 0 | F36: 0 | G36: 2 | H36: 8114720000000 | I36: 7252870000000 | J36: 7546300000000 | K36: 7999330000000 | L36: 3740170000000 | N36: 0.0340003 | O36: 0.0348192 | P36: 34767500000000 | Q36: 34382900000 | R36: 0 | S36: 0 | T36: 2 | U36: 7800430000000 | V36: 7793790000000 | W36: 8138760000000 | X36: 8058910000000 | Y36: 2975570000000
A37: 0.0360078 | B37: 0.0367252 | C37: 35768100000000 | D37: 9622170000 | E37: 0 | F37: 0 | G37: 2 | H37: 8903620000000 | I37: 8347200000000 | J37: 7779230000000 | K37: 7022910000000 | L37: 3715120000000 | N37: 0.0350136 | O37: 0.0357383 | P37: 34851000000000 | Q37: 27987800000 | R37: 0 | S37: 0 | T37: 2 | U37: 7729050000000 | V37: 6547460000000 | W37: 9552770000000 | X37: 8145610000000 | Y37: 2876080000000
A38: 0.037004 | B38: 0.0376883 | C38: 36001600000000 | D38: 11422000000 | E38: 0 | F38: 0 | G38: 2 | H38: 9115480000000 | I38: 8088120000000 | J38: 7534830000000 | K38: 7640290000000 | L38: 3622880000000 | N38: 0.0359662 | O38: 0.0367315 | P38: 36157300000000 | Q38: 40706900000 | R38: 0 | S38: 0 | T38: 2 | U38: 7803950000000 | V38: 7297650000000 | W38: 10152100000000 | X38: 7652810000000 | Y38: 3250790000000
A39: 0.037967 | B39: 0.0386723 | C39: 34121300000000 | D39: 5385290000 | E39: 0 | F39: 0 | G39: 2 | H39: 7695270000000 | I39: 6990960000000 | J39: 7804630000000 | K39: 7858570000000 | L39: 3771880000000 | N39: 0.0369535 | O39: 0.0377673 | P39: 35106600000000 | Q39: 47541000000 | R39: 0 | S39: 0 | T39: 2 | U39: 7944230000000 | V39: 7493570000000 | W39: 8883520000000 | X39: 7326960000000 | Y39: 3458350000000
A40: 0.0388767 | B40: 0.0396166 | C40: 34528300000000 | D40: 7475740000 | E40: 0 | F40: 0 | G40: 2 | H40: 9126160000000 | I40: 6666510000000 | J40: 6940760000000 | K40: 7972190000000 | L40: 3822550000000 | N40: 0.0379783 | O40: 0.0387775 | P40: 31296800000000 | Q40: 48236900000 | R40: 0 | S40: 0 | T40: 2 | U40: 6991550000000 | V40: 6450980000000 | W40: 7650460000000 | X40: 7100590000000 | Y40: 3103180000000
A41: 0.0399596 | B41: 0.0406703 | C41: 36448600000000 | D41: 8489170000 | E41: 0 | F41: 0 | G41: 2 | H41: 9371660000000 | I41: 7465360000000 | J41: 6546410000000 | K41: 9117600000000 | L41: 3947550000000 | N41: 0.0389621 | O41: 0.0397581 | P41: 29379700000000 | Q41: 49853100000 | R41: 0 | S41: 0 | T41: 2 | U41: 6649620000000 | V41: 6367830000000 | W41: 7609760000000 | X41: 5961960000000 | Y41: 2790510000000
A42: 0.0410086 | B42: 0.0417511 | C42: 35156000000000 | D42: 7687510000 | E42: 0 | F42: 0 | G42: 2 | H42: 9216140000000 | I42: 8052410000000 | J42: 5966100000000 | K42: 8280800000000 | L42: 3640590000000 | N42: 0.0399833 | O42: 0.0407652 | P42: 30953400000000 | Q42: 27670200000 | R42: 0 | S42: 0 | T42: 2 | U42: 8110210000000 | V42: 5866540000000 | W42: 7837810000000 | X42: 6171540000000 | Y42: 2967270000000
A43: 0.0419976 | B43: 0.0427126 | C43: 33937300000000 | D43: 9782460000 | E43: 0 | F43: 0 | G43: 2 | H43: 9639740000000 | I43: 6611270000000 | J43: 6682670000000 | K43: 7709620000000 | L43: 3294030000000 | N43: 0.0410304 | O43: 0.0418206 | P43: 33578700000000 | Q43: 40476600000 | R43: 0 | S43: 0 | T43: 2 | U43: 9962070000000 | V43: 7103480000000 | W43: 7778970000000 | X43: 5642030000000 | Y43: 3092140000000
A44: 0.0429526 | B44: 0.0436815 | C44: 33422300000000 | D44: 9121310000 | E44: 0 | F44: 0 | G44: 2 | H44: 9237820000000 | I44: 5416760000000 | J44: 7676920000000 | K44: 8001640000000 | L44: 3089210000000 | N44: 0.0419987 | O44: 0.0428021 | P44: 32931800000000 | Q44: 37198100000 | R44: 0 | S44: 0 | T44: 2 | U44: 9409300000000 | V44: 6645810000000 | W44: 7379240000000 | X44: 6608760000000 | Y44: 2888680000000
A45: 0.0440666 | B45: 0.0447635 | C45: 33648700000000 | D45: 8489920000 | E45: 0 | F45: 0 | G45: 2 | H45: 10074200000000 | I45: 5413010000000 | J45: 7926170000000 | K45: 7066410000000 | L45: 3168860000000 | N45: 0.0430261 | O45: 0.0438176 | P45: 35855200000000 | Q45: 41992800000 | R45: 0 | S45: 0 | T45: 2 | U45: 10056400000000 | V45: 7510960000000 | W45: 7223560000000 | X45: 7869290000000 | Y45: 3195040000000
... A55: 0.0539626 | B55: 0.0547455 | C55: 32842200000000 | D55: 9428960000 | E55: 0 | F55: 0 | G55: 2 | H55: 7907850000000 | I55: 8403800000000 | J55: 6937870000000 | K55: 6308030000000 | L55: 3284680000000 | N55: 0.0530327 | O55: 0.0538569 | P55: 38095800000000 | Q55: 64970400000 | R55: 0 | S55: 0 | T55: 2 | U55: 9623250000000 | V55: 9151630000000 | W55: 7748710000000 | X55: 7293690000000 | Y55: 4278560000000

Sheet 400K_SR1e4_Stress
A1: Config 1 | D1: Config 2 | G1: Config3 | J1: AverageValue of Last 0.5%
A2: 0.00102188 | B2: 350017000 | D2: 0.000963356 | E2: 361296000 | G2: 0.0010417 | H2: 353684000 | K2: TotalStress | L2: RhoI | M2: Rho | N2: TauF1 | O2: TauF2 | P2: TauF | Q2: Tau | R2: Tau/TauF | S2: RhoI/Rho
A3: 0.00197994 | B3: 314218000 | D3: 0.00202829 | E3: 306104000 | G3: 0.00203891 | H3: 311264000 | J3: Config1 | K3: =AVERAGE(B28:B32)/1000000 -> 234.5666 | L3: =AVERAGE('400K_SR1e4'!L28:L32) -> 4558170000000 | M3: =AVERAGE('400K_SR1e4'!C28:C32) -> 70666750000000 | N3: =Graphs!$B$1*80.9*0.248*SQRT(L3)/1000000 -> 21.417337 | O3: =Graphs!$B$2*80.9*0.248*SQRT(M3)/1000000 -> 8.4329158 | P3: =SQRT(N3^2+O3^2) -> 23.017741 | Q3: =K3*0.4707 -> 110.4105 | R3: =Q3/P3 -> 4.7967566 | S3: =L3/M3 -> 0.06450233
A4: 0.00296088 | B4: 277565000 | D4: 0.00306084 | E4: 265724000 | G4: 0.00294132 | H4: 282639000 | J4: Config2 | K4: =AVERAGE(E28:E32)/1000000 -> 233.5924 | L4: =AVERAGE('400K_SR1e4'!Y28:Y32) -> 3811575000000 | M4: =AVERAGE('400K_SR1e4'!P28:P32) -> 63141175000000 | N4: =Graphs!$B$1*80.9*0.248*SQRT(L4)/1000000 -> 19.584949 | O4: =Graphs!$B$2*80.9*0.248*SQRT(M4)/1000000 -> 7.971252 | P4: =SQRT(N4^2+O4^2) -> 21.145001 | Q4: =K4*0.4707 -> 109.95194 | R4: =Q4/P4 -> 5.1999024 | S4: =L4/M4 -> 0.060365918
A5: 0.00407197 | B5: 258320000 | D5: 0.00397553 | E5: 264496000 | G5: 0.00394968 | H5: 271241000 | J5: Config3 | K5: =AVERAGE(H28:H32)/1000000 -> 235.0988 | L5: =AVERAGE('400K_SR1e4'!AL27:AL31) -> 3060894000000 | M5: =AVERAGE('400K_SR1e4'!AC28:AC32) -> 60385350000000 | N5: =Graphs!$B$1*80.9*0.248*SQRT(L5)/1000000 -> 17.550696 | O5: =Graphs!$B$2*80.9*0.248*SQRT(M5)/1000000 -> 7.7953568 | P5: =SQRT(N5^2+O5^2) -> 19.204024 | Q5: =K5*0.4707 -> 110.66101 | R5: =Q5/P5 -> 5.7623864 | S5: =L5/M5 -> 0.050689348
A6: 0.00498499 | B6: 270691000 | D6: 0.0049934 | E6: 266452000 | G6: 0.0050406 | H6: 271997000
A7: 0.00595392 | B7: 277589000 | D7: 0.00604584 | E7: 256098000 | G7: 0.00595303 | H7: 262448000
A8: 0.00703483 | B8: 257927000 | D8: 0.0069632 | E8: 251898000 | G8: 0.0070536 | H8: 251785000
A9: 0.00801875 | B9: 255797000 | D9: 0.00797289 | E9: 234443000 | G9: 0.00800952 | H9: 255489000
A10: 0.009008 | B10: 268476000 | D10: 0.00904562 | E10: 239602000 | G10: 0.00896412 | H10: 244539000
A11: 0.00996393 | B11: 252650000 | D11: 0.00995191 | E11: 248153000 | G11: 0.0100392 | H11: 237363000 | J11: Config1 | K11: =AVERAGE(B12:B16)/1000000 -> 251.3294 | L11: =AVERAGE('400K_SR1e4'!L12:L16) -> 1757734000000 | M11: =AVERAGE('400K_SR1e4'!C12:C16) -> 48671320000000 | N11: =Graphs!$B$1*80.9*0.248*SQRT(L11)/1000000 -> 13.299851 | O11: =Graphs!$B$2*80.9*0.248*SQRT(M11)/1000000 -> 6.998529 | P11: =SQRT(N11^2+O11^2) -> 15.028821 | Q11: =K11*0.4707 -> 118.30075 | R11: =Q11/P11 -> 7.8715922 | S11: =L11/M11 -> 0.036114369
A12: 0.0110086 | B12: 246094000 | D12: 0.0109332 | E12: 254112000 | G12: 0.0109621 | H12: 265749000 | J12: Config2 | K12: =AVERAGE(E12:E16)/1000000 -> 243.1692 | L12: =AVERAGE('400K_SR1e4'!Y12:Y16) -> 2235864000000 | M12: =AVERAGE('400K_SR1e4'!P12:P16) -> 55725020000000 | N12: =Graphs!$B$1*80.9*0.248*SQRT(L12)/1000000 -> 15.000057 | O12: =Graphs!$B$2*80.9*0.248*SQRT(M12)/1000000 -> 7.4885084 | P12: =SQRT(N12^2+O12^2) -> 16.765424 | Q12: =K12*0.4707 -> 114.45974 | R12: =Q12/P12 -> 6.8271306 | S12: =L12/M12 -> 0.040123162
A13: 0.0119785 | B13: 245591000 | D13: 0.0120251 | E13: 243948000 | G13: 0.0119855 | H13: 267078000 | J13: Config3 | K13: =AVERAGE(H12:H16)/1000000 -> 255.0352 | L13: =AVERAGE('400K_SR1e4'!AL12:AL16) -> 1999528000000 | M13: =AVERAGE('400K_SR1e4'!AC12:AC16) -> 52577920000000 | N13: =Graphs!$B$1*80.9*0.248*SQRT(L13)/1000000 -> 14.185151 | O13: =Graphs!$B$2*80.9*0.248*SQRT(M13)/1000000 -> 7.2739767 | P13: =SQRT(N13^2+O13^2) -> 15.941431 | Q13: =K13*0.4707 -> 120.04507 | R13: =Q13/P13 -> 7.530382 | S13: =L13/M13 -> 0.038029804
A14: 0.0129574 | B14: 258075000 | D14: 0.0130194 | E14: 231330000 | G14: 0.0130597 | H14: 243471000
A15: 0.014024 | B15: 254755000 | D15: 0.0140235 | E15: 241415000 | G15: 0.0140113 | H15: 248734000
A16: 0.0149727 | B16: 252132000 | D16: 0.0149985 | E16: 245041000 | G16: 0.0149661 | H16: 250144000
A17: 0.0160491 | B17: 242072000 | D17: 0.0160006 | E17: 232397000 | G17: 0.0160058 | H17: 250041000
A18: 0.0169949 | B18: 256742000 | D18: 0.0169858 | E18: 237580000 | G18: 0.0170428 | H18: 240682000
A19: 0.0180077 | B19: 246598000 | D19: 0.0179744 | E19: 233938000 | G19: 0.0180542 | H19: 248160000
A20: 0.0190439 | B20: 236621000 | D20: 0.0189924 | E20: 236067000 | G20: 0.0190134 | H20: 254560000
A21: 0.020001 | B21: 236542000 | D21: 0.0199881 | E21: 240554000 | G21: 0.0200091 | H21: 237756000
A22: 0.0209453 | B22: 236825000 | D22: 0.0210564 | E22: 237304000 | G22: 0.0209744 | H22: 239321000
A23: 0.0220266 | B23: 229311000 | D23: 0.0219728 | E23: 233515000 | G23: 0.022014 | H23: 247824000
A24: 0.0229874 | B24: 238586000 | D24: 0.0230247 | E24: 223892000 | G24: 0.023007 | H24: 244945000
A25: 0.0239655 | B25: 234572000 | D25: 0.0240027 | E25: 235421000 | G25: 0.0240314 | H25: 245618000
... A32: 0.0310124 | B32: 237419000 | D32: 0.0309599 | E32: 242073000 | G32: 0.0310728 | H32: 237638000

Sheet 400K_SR1e4
A1: Config1 | N1: Config2 | AA1: Config3 | AN1: Pstrain | AO1: Total | AP1: Totalmin | AQ1: Totalmax | AR1: Junction | AS1: Junctionmin | AT1: Junctionmax
A2: 0.00102188 | B2: 0.00268984 | C2: 28564700000000 | D2: 24651700000 | E2: 0 | F2: 0 | G2: 2 | H2: 7428630000000 | I2: 6993240000000 | J2: 7579920000000 | K2: 6340060000000 | L2: 222875000000 | N2: 0.000963356 | O2: 0.00268506 | P2: 26643500000000 | Q2: 22681000000 | R2: 0 | S2: 0 | T2: 2 | U2: 5854340000000 | V2: 7384610000000 | W2: 6324560000000 | X2: 6960200000000 | Y2: 119749000000 | AA2: 0.0010417 | AB2: 0.00272717 | AC2: 25314700000000 | AD2: 14828000000 | AE2: 0 | AF2: 0 | AG2: 2 | AH2: 6583190000000 | AI2: 6256630000000 | AJ2: 6562180000000 | AK2: 5828240000000 | AL2: 84438400000 | AN2: =A2 -> 0.00102188 | AO2: =AVERAGE(P2,C2,AC2) -> 2.6840967e+13 | AP2: =MIN(C2,P2,AC2) -> 25314700000000 | AQ2: =MAX(C2,P2,AC2) -> 28564700000000 | AR2: =AVERAGE(L2,Y2,AL2) -> 1.4235413e+11 | AS2: =MIN(L2,Y2,AL2) -> 84438400000 | AT2: =MAX(L2,Y2,AL2) -> 222875000000
A3: 0.00197994 | B3: 0.0034773 | C3: 38628900000000 | D3: 37212600000 | E3: 0 | F3: 0 | G3: 2 | H3: 10871100000000 | I3: 8663380000000 | J3: 9776380000000 | K3: 8723190000000 | L3: 594879000000 | N3: 0.00202829 | O3: 0.00348698 | P3: 41885700000000 | Q3: 26349400000 | R3: 0 | S3: 0 | T3: 2 | U3: 9231930000000 | V3: 10703200000000 | W3: 8161650000000 | X3: 13350500000000 | Y3: 438438000000 | AA3: 0.00203891 | AB3: 0.0035222 | AC3: 37788300000000 | AD3: 23631000000 | AE3: 0 | AF3: 0 | AG3: 2 | AH3: 9332470000000 | AI3: 8778550000000 | AJ3: 10973200000000 | AK3: 8456470000000 | AL3: 247547000000 | AN3: =A3 -> 0.00197994 | AO3: =AVERAGE(P3,C3,AC3) -> 39434300000000 | AP3: =MIN(C3,P3,AC3) -> 37788300000000 | AQ3: =MAX(C3,P3,AC3) -> 41885700000000 | AR3: =AVERAGE(L3,Y3,AL3) -> 4.2695467e+11 | AS3: =MIN(L3,Y3,AL3) -> 247547000000 | AT3: =MAX(L3,Y3,AL3) -> 594879000000
A4: 0.00296088 | B4: 0.00428356 | C4: 42692300000000 | D4: 20730500000 | E4: 0 | F4: 0 | G4: 2 | H4: 11577000000000 | I4: 8543230000000 | J4: 10770600000000 | K4: 10940200000000 | L4: 861269000000 | N4: 0.00306084 | O4: 0.00432711 | P4: 46674200000000 | Q4: 28973600000 | R4: 0 | S4: 0 | T4: 2 | U4: 10192700000000 | V4: 13466800000000 | W4: 9106730000000 | X4: 13387500000000 | Y4: 520449000000 | AA4: 0.00294132 | AB4: 0.00428822 | AC4: 43590500000000 | AD4: 25850700000 | AE4: 0 | AF4: 0 | AG4: 2 | AH4: 10382700000000 | AI4: 9880230000000 | AJ4: 13241700000000 | AK4: 9641770000000 | AL4: 444116000000 | AN4: =A4 -> 0.00296088 | AO4: =AVERAGE(P4,C4,AC4) -> 44319000000000 | AP4: =MIN(C4,P4,AC4) -> 42692300000000 | AQ4: =MAX(C4,P4,AC4) -> 46674200000000 | AR4: =AVERAGE(L4,Y4,AL4) -> 6.0861133e+11 | AS4: =MIN(L4,Y4,AL4) -> 444116000000 | AT4: =MAX(L4,Y4,AL4) -> 861269000000
A5: 0.00407197 | B5: 0.00530295 | C5: 47601800000000 | D5: 35244100000 | E5: 0 | F5: 0 | G5: 2 | H5: 9801510000000 | I5: 8642640000000 | J5: 15554200000000 | K5: 12452100000000 | L5: 1151330000000 | N5: 0.00397553 | O5: 0.00523596 | P5: 44924300000000 | Q5: 25990200000 | R5: 0 | S5: 0 | T5: 2 | U5: 11121600000000 | V5: 10627900000000 | W5: 9046760000000 | X5: 13409600000000 | Y5: 718401000000 | AA5: 0.00394968 | AB5: 0.00524226 | AC5: 43994400000000 | AD5: 26287300000 | AE5: 0 | AF5: 0 | AG5: 2 | AH5: 9306600000000 | AI5: 11969900000000 | AJ5: 12289000000000 | AK5: 9731560000000 | AL5: 697249000000 | AN5: =A5 -> 0.00407197 | AO5: =AVERAGE(P5,C5,AC5) -> 4.5506833e+13 | AP5: =MIN(C5,P5,AC5) -> 43994400000000 | AQ5: =MAX(C5,P5,AC5) -> 47601800000000 | AR5: =AVERAGE(L5,Y5,AL5) -> 855660000000 | AS5: =MIN(L5,Y5,AL5) -> 697249000000 | AT5: =MAX(L5,Y5,AL5) -> 1151330000000
A6: 0.00498499 | B6: 0.00627493 | C6: 42990100000000 | D6: 36588200000 | E6: 0 | F6: 0 | G6: 2 | H6: 9924550000000 | I6: 8515080000000 | J6: 12829200000000 | K6: 10426100000000 | L6: 1295150000000 | N6: 0.0049934 | O6: 0.00626316 | P6: 53268000000000 | Q6: 27038900000 | R6: 0 | S6: 0 | T6: 2 | U6: 15008200000000 | V6: 11702300000000 | W6: 11356400000000 | X6: 13982100000000 | Y6: 1218870000000 | AA6: 0.0050406 | AB6: 0.00633677 | AC6: 49172100000000 | AD6: 29809400000 | AE6: 0 | AF6: 0 | AG6: 2 | AH6: 10999300000000 | AI6: 13840700000000 | AJ6: 11909500000000 | AK6: 11513300000000 | AL6: 909302000000 | AN6: =A6 -> 0.00498499 | AO6: =AVERAGE(P6,C6,AC6) -> 4.8476733e+13 | AP6: =MIN(C6,P6,AC6) -> 42990100000000 | AQ6: =MAX(C6,P6,AC6) -> 53268000000000 | AR6: =AVERAGE(L6,Y6,AL6) -> 1.1411073e+12 | AS6: =MIN(L6,Y6,AL6) -> 909302000000 | AT6: =MAX(L6,Y6,AL6) -> 1295150000000
A7: 0.00595392 | B7: 0.00727673 | C7: 45210300000000 | D7: 34847700000 | E7: 0 | F7: 0 | G7: 2 | H7: 11874900000000 | I7: 10669100000000 | J7: 10880800000000 | K7: 10714400000000 | L7: 1071040000000 | N7: 0.00604584 | O7: 0.00726624 | P7: 54635700000000 | Q7: 31916400000 | R7: 0 | S7: 0 | T7: 2 | U7: 13682300000000 | V7: 12898500000000 | W7: 13397900000000 | X7: 13129800000000 | Y7: 1527060000000 | AA7: 0.00595303 | AB7: 0.00720369 | AC7: 51602400000000 | AD7: 22141100000 | AE7: 0 | AF7: 0 | AG7: 2 | AH7: 14109300000000 | AI7: 12819800000000 | AJ7: 10652800000000 | AK7: 13067300000000 | AL7: 953155000000 | AN7: =A7 -> 0.00595392 | AO7: =AVERAGE(P7,C7,AC7) -> 50482800000000 | AP7: =MIN(C7,P7,AC7) -> 45210300000000 | AQ7: =MAX(C7,P7,AC7) -> 54635700000000 | AR7: =AVERAGE(L7,Y7,AL7) -> 1.1837517e+12 | AS7: =MIN(L7,Y7,AL7) -> 953155000000 | AT7: =MAX(L7,Y7,AL7) -> 1527060000000
A8: 0.00703483 | B8: 0.00826394 | C8: 49642200000000 | D8: 39029300000 | E8: 0 | F8: 0 | G8: 2 | H8: 12184800000000 | I8: 12068200000000 | J8: 10990400000000 | K8: 13224200000000 | L8: 1174590000000 | N8: 0.0069632 | O8: 0.00816357 | P8: 55049500000000 | Q8: 34299300000 | R8: 0 | S8: 0 | T8: 2 | U8: 11155600000000 | V8: 13670400000000 | W8: 15009500000000 | X8: 13424100000000 | Y8: 1789870000000 | AA8: 0.0070536 | AB8: 0.00825345 | AC8: 50679900000000 | AD8: 29598000000 | AE8: 0 | AF8: 0 | AG8: 2 | AH8: 13948600000000 | AI8: 11886300000000 | AJ8: 9955430000000 | AK8: 13609900000000 | AL8: 1279740000000 | AN8: =A8 -> 0.00703483 | AO8: =AVERAGE(P8,C8,AC8) -> 5.1790533e+13 | AP8: =MIN(C8,P8,AC8) -> 49642200000000 | AQ8: =MAX(C8,P8,AC8) -> 55049500000000 | AR8: =AVERAGE(L8,Y8,AL8) -> 1.4147333e+12 | AS8: =MIN(L8,Y8,AL8) -> 1174590000000 | AT8: =MAX(L8,Y8,AL8) -> 1789870000000
A9: 0.00801875 | B9: 0.00923772 | C9: 48903000000000 | D9: 35029400000 | E9: 0 | F9: 0 | G9: 2 | H9: 12661500000000 | I9: 9459840000000 | J9: 11699100000000 | K9: 13503600000000 | L9: 1578960000000 | N9: 0.00797289 | O9: 0.0090901 | P9: 55632900000000 | Q9: 57921300000 | R9: 0 | S9: 0 | T9: 2 | U9: 11081900000000 | V9: 12817200000000 | W9: 16114500000000 | X9: 13491200000000 | Y9: 2128100000000 | AA9: 0.00800952 | AB9: 0.00922702 | AC9: 52879800000000 | AD9: 24099100000 | AE9: 0 | AF9: 0 | AG9: 2 | AH9: 12014700000000 | AI9: 14155300000000 | AJ9: 9444960000000 | AK9: 15861800000000 | AL9: 1403160000000 | AN9: =A9 -> 0.00801875 | AO9: =AVERAGE(P9,C9,AC9) -> 52471900000000 | AP9: =MIN(C9,P9,AC9) -> 48903000000000 | AQ9: =MAX(C9,P9,AC9) -> 55632900000000 | AR9: =AVERAGE(L9,Y9,AL9) -> 1.7034067e+12 | AS9: =MIN(L9,Y9,AL9) -> 1403160000000 | AT9: =MAX(L9,Y9,AL9) -> 2128100000000
A10: 0.009008 | B10: 0.0102874 | C10: 46093900000000 | D10: 28371500000 | E10: 0 | F10: 0 | G10: 2 | H10: 12431800000000 | I10: 7777890000000 | J10: 11088500000000 | K10: 13111000000000 | L10: 1684730000000 | N10: 0.00904562 | O10: 0.0101874 | P10: 53069700000000 | Q10: 54020100000 | R10: 0 | S10: 0 | T10: 2 | U10: 12773000000000 | V10: 11545300000000 | W10: 15689600000000 | X10: 11312300000000 | Y10: 1749260000000 | AA10: 0.00896412 | AB10: 0.0101295 | AC10: 52912600000000 | AD10: 39606900000 | AE10: 0 | AF10: 0 | AG10: 2 | AH10: 12829800000000 | AI10: 12135400000000 | AJ10: 10737700000000 | AK10: 15637200000000 | AL10: 1572510000000 | AN10: =A10 -> 0.009008 | AO10: =AVERAGE(P10,C10,AC10) -> 5.0692067e+13 | AP10: =MIN(C10,P10,AC10) -> 46093900000000 | AQ10: =MAX(C10,P10,AC10) -> 53069700000000 | AR10: =AVERAGE(L10,Y10,AL10) -> 1.6688333e+12 | AS10: =MIN(L10,Y10,AL10) -> 1572510000000 | AT10: =MAX(L10,Y10,AL10) -> 1749260000000
A11: 0.00996393 | B11: 0.0111679 | C11: 51978800000000 | D11: 45895300000 | E11: 0 | F11: 0 | G11: 2 | H11: 14646200000000 | I11: 9767390000000 | J11: 11701700000000 | K11: 14171500000000 | L11: 1692060000000 | N11: 0.00995191 | O11: 0.0111345 | P11: 50910200000000 | Q11: 40008000000 | R11: 0 | S11: 0 | T11: 2 | U11: 12762500000000 | V11: 11884200000000 | W11: 13960400000000 | X11: 10389100000000 | Y11: 1914110000000 | AA11: 0.0100392 | AB11: 0.0111704 | AC11: 49108400000000 | AD11: 38957000000 | AE11: 0 | AF11: 0 | AG11: 2 | AH11: 12533800000000 | AI11: 10730300000000 | AJ11: 11080200000000 | AK11: 12997800000000 | AL11: 1766280000000 | AN11: =A11 -> 0.00996393 | AO11: =AVERAGE(P11,C11,AC11) -> 50665800000000 | AP11: =MIN(C11,P11,AC11) -> 49108400000000 | AQ11: =MAX(C11,P11,AC11) -> 51978800000000 | AR11: =AVERAGE(L11,Y11,AL11) -> 1.7908167e+12 | AS11: =MIN(L11,Y11,AL11) -> 1692060000000 | AT11: =MAX(L11,Y11,AL11) -> 1914110000000
A12: 0.0110086 | B12: 0.0121813 | C12: 51882500000000 | D12: 31276900000 | E12: 0 | F12: 0 | G12: 2 | H12: 13513100000000 | I12: 11689600000000 | J12: 11588800000000 | K12: 13252600000000 | L12: 1838470000000 | N12: 0.0109332 | O12: 0.0121441 | P12: 53150400000000 | Q12: 44319100000 | R12: 0 | S12: 0 | T12: 2 | U12: 10779000000000 | V12: 13840500000000 | W12: 15656900000000 | X12: 11071800000000 | Y12: 1802320000000 | AA12: 0.0109621 | AB12: 0.0122285 | AC12: 45625700000000 | AD12: 30870200000 | AE12: 0 | AF12: 0 | AG12: 2 | AH12: 11579500000000 | AI12: 9543450000000 | AJ12: 10852700000000 | AK12: 11998900000000 | AL12: 1651120000000 | AN12: =A12 -> 0.0110086 | AO12: =AVERAGE(P12,C12,AC12) -> 5.0219533e+13 | AP12: =MIN(C12,P12,AC12) -> 45625700000000 | AQ12: =MAX(C12,P12,AC12) -> 53150400000000 | AR12: =AVERAGE(L12,Y12,AL12) -> 1763970000000 | AS12: =MIN(L12,Y12,AL12) -> 1651120000000 | AT12: =MAX(L12,Y12,AL12) -> 1838470000000
A13: 0.0119785 | B13: 0.0131488 | C13: 48498600000000 | D13: 35047100000 | E13: 0 | F13: 0 | G13: 2 | H13: 11322200000000 | I13: 12151500000000 | J13: 11276000000000 | K13: 12044300000000 | L13: 1704720000000 | N13: 0.0120251 | O13: 0.0131876 | P13: 56803700000000 | Q13: 45643600000 | R13: 0 | S13: 0 | T13: 2 | U13: 11828600000000 | V13: 12170400000000 | W13: 18213900000000 | X13: 12459400000000 | Y13: 2131370000000 | AA13: 0.0119855 | AB13: 0.0132582 | AC13: 52032600000000 | AD13: 34501300000 | AE13: 0 | AF13: 0 | AG13: 2 | AH13: 14038900000000 | AI13: 10562900000000 | AJ13: 11629300000000 | AK13: 14114300000000 | AL13: 1687200000000 | AN13: =A13 -> 0.0119785 | AO13: =AVERAGE(P13,C13,AC13) -> 5.2444967e+13 | AP13: =MIN(C13,P13,AC13) -> 48498600000000 | AQ13: =MAX(C13,P13,AC13) -> 56803700000000 | AR13: =AVERAGE(L13,Y13,AL13) -> 1.8410967e+12 | AS13: =MIN(L13,Y13,AL13) -> 1687200000000 | AT13: =MAX(L13,Y13,AL13) -> 2131370000000
... A31: 0.0300362 | B31: 0.0311082 | C31: 72103700000000 | D31: 56036700000 | E31: 0 | F31: 0 | G31: 2 | H31: 13304900000000 | I31: 20140400000000 | J31: 17062800000000 | K31: 16641900000000 | L31: 4953630000000 | N31: 0.0300245 | O31: 0.0311238 | P31: 64544500000000 | Q31: 47119000000 | R31: 0 | S31: 0 | T31: 2 | U31: 15303500000000 | V31: 17232500000000 | W31: 13838400000000 | X31: 14497100000000 | Y31: 3672990000000 | AA31: 0.0300379 | AB31: 0.0311958 | AC31: 58214000000000 | AD31: 36379500000 | AE31: 0 | AF31: 0 | AG31: 2 | AH31: 12270800000000 | AI31: 16738600000000 | AJ31: 12018800000000 | AK31: 14352400000000 | AL31: 2833280000000 | AN31: =A31 -> 0.0300362 | AO31: =AVERAGE(P31,C31,AC31) -> 6.4954067e+13 | AP31: =MIN(C31,P31,AC31) -> 58214000000000 | AQ31: =MAX(C31,P31,AC31) -> 72103700000000 | AR31: =AVERAGE(L31,Y31,AL31) -> 3.8199667e+12 | AS31: =MIN(L31,Y31,AL31) -> 2833280000000 | AT31: =MAX(L31,Y31,AL31) -> 4953630000000

Sheet tauratio
A1: StrainRate | B1: TotalStress | C1: RhoI | D1: Rho | E1: TauF1 | F1: TauF2 | G1: TauF | H1: Tau | I1: Tau/TauF | J1: RhoI/Rho | K1: Strainrate | L1: Taup | M1: Taup/Sqrt(rhom)
A2: 10C1 | B2: ='400K_SR10_Stress'!K3 -> 89.29032 | C2: ='400K_SR10_Stress'!L3 -> 5880148000000 | D2: ='400K_SR10_Stress'!M3 -> 20251720000000 | E2: ='400K_SR10_Stress'!N3 -> 24.325643 | F2: ='400K_SR10_Stress'!O3 -> 4.5144117 | G2: ='400K_SR10_Stress'!P3 -> 24.740995 | H2: ='400K_SR10_Stress'!Q3 -> 42.028954 | I2: ='400K_SR10_Stress'!R3 -> 1.6987576 | J2: ='400K_SR10_Stress'!S3 -> 0.29035302 | K2: 10 | L2: =H2-G2 -> 17.287959 | M2: =L2*1000000/SQRT(D2) -> 3.8416054
A3: 10C2 | B3: ='400K_SR10_Stress'!K4 -> 86.35624 | C3: ='400K_SR10_Stress'!L4 -> 6780100000000 | D3: ='400K_SR10_Stress'!M4 -> 19622720000000 | E3: ='400K_SR10_Stress'!N4 -> 26.120907 | F3: ='400K_SR10_Stress'!O4 -> 4.443752 | G3: ='400K_SR10_Stress'!P4 -> 26.496202 | H3: ='400K_SR10_Stress'!Q4 -> 40.647882 | I3: ='400K_SR10_Stress'!R4 -> 1.5341022 | J3: ='400K_SR10_Stress'!S4 -> 0.34552294 | K3: 10 | L3: =H3-G3 -> 14.15168 | M3: =L3*1000000/SQRT(D3) -> 3.1946876
A4: 10C4 | B4: ='400K_SR10_Stress'!K5 -> 92.06938 | C4: ='400K_SR10_Stress'!L5 -> 4760780000000 | D4: ='400K_SR10_Stress'!M5 -> 21211240000000 | E4: ='400K_SR10_Stress'!N5 -> 21.88816 | F4: ='400K_SR10_Stress'!O5 -> 4.6201198 | G4: ='400K_SR10_Stress'!P5 -> 22.370451 | H4: ='400K_SR10_Stress'!Q5 -> 43.337057 | I4: ='400K_SR10_Stress'!R5 -> 1.9372456 | J4: ='400K_SR10_Stress'!S5 -> 0.2244461 | K4: 10 | L4: =H4-G4 -> 20.966606 | M4: =L4*1000000/SQRT(D4) -> 4.5524492
A5: 20C1 | B5: ='400K_SR20_Stress'!K3 -> 106.2344 | C5: ='400K_SR20_Stress'!L3 -> 4341056000000 | D5: ='400K_SR20_Stress'!M3 -> 21060120000000 | E5: ='400K_SR20_Stress'!N3 -> 20.90104 | F5: ='400K_SR20_Stress'!O3 -> 4.6036323 | G5: ='400K_SR20_Stress'!P3 -> 21.402031 | H5: ='400K_SR20_Stress'!Q3 -> 50.004532 | I5: ='400K_SR20_Stress'!R3 -> 2.3364387 | J5: ='400K_SR20_Stress'!S3 -> 0.20612684 | K5: 20 | L5: =H5-G5 -> 28.602502 | M5: =L5*1000000/SQRT(D5) -> 6.2326623
A6: 20C2 | B6: ='400K_SR20_Stress'!K4 -> 100.18022 | C6: ='400K_SR20_Stress'!L4 -> 5103916000000 | D6: ='400K_SR20_Stress'!M4 -> 21109080000000 | E6: ='400K_SR20_Stress'!N4 -> 22.663238 | F6: ='400K_SR20_Stress'!O4 -> 4.6089804 | G6: ='400K_SR20_Stress'!P4 -> 23.12715 | H6: ='400K_SR20_Stress'!Q4 -> 47.15483 | I6: ='400K_SR20_Stress'!R4 -> 2.0389382 | J6: ='400K_SR20_Stress'!S4 -> 0.2417877 | K6: 20 | L6: =H6-G6 -> 24.027679 | M6: =L6*1000000/SQRT(D6) -> 5.2297048
A7: 20C3 | B7: ='400K_SR20_Stress'!K5 -> 104.2784 | C7: ='400K_SR20_Stress'!L5 -> 4007330000000 | D7: ='400K_SR20_Stress'!M5 -> 21192760000000 | E7: ='400K_SR20_Stress'!N5 -> 20.081574 | F7: ='400K_SR20_Stress'!O5 -> 4.6181067 | G7: ='400K_SR20_Stress'!P5 -> 20.605741 | H7: ='400K_SR20_Stress'!Q5 -> 49.083843 | I7: ='400K_SR20_Stress'!R5 -> 2.382047 | J7: ='400K_SR20_Stress'!S5 -> 0.18908958 | K7: 20 | L7: =H7-G7 -> 28.478102 | M7: =L7*1000000/SQRT(D7) -> 6.186105
A8: 40C1 | B8: ='400K_SR40_Stress'!K3 -> 109.8856 | C8: ='400K_SR40_Stress'!L3 -> 3536872000000 | D8: ='400K_SR40_Stress'!M3 -> 21882200000000 | E8: ='400K_SR40_Stress'!N3 -> 18.866002 | F8: ='400K_SR40_Stress'!O3 -> 4.6926234 | G8: ='400K_SR40_Stress'!P3 -> 19.440853 | H8: ='400K_SR40_Stress'!Q3 -> 51.723152 | I8: ='400K_SR40_Stress'!R3 -> 2.6605393 | J8: ='400K_SR40_Stress'!S3 -> 0.16163238 | K8: 40 | L8: =H8-G8 -> 32.282299 | M8: =L8*1000000/SQRT(D8) -> 6.9011103
A9: 40C2 | B9: ='400K_SR40_Stress'!K4 -> 111.0328 | C9: ='400K_SR40_Stress'!L4 -> 3978228000000 | D9: ='400K_SR40_Stress'!M4 -> 21689660000000 | E9: ='400K_SR40_Stress'!N4 -> 20.008523 | F9: ='400K_SR40_Stress'!O4 -> 4.6719327 | G9: ='400K_SR40_Stress'!P4 -> 20.546726 | H9: ='400K_SR40_Stress'!Q4 -> 52.263139 | I9: ='400K_SR40_Stress'!R4 -> 2.5436236 | J9: ='400K_SR40_Stress'!S4 -> 0.18341588 | K9: 40 | L9: =H9-G9 -> 31.716413 | M9: =L9*1000000/SQRT(D9) -> 6.8101658
A10: 40C3 | B10: ='400K_SR40_Stress'!K5 -> 110.4832 | C10: ='400K_SR40_Stress'!L5 -> 3661616000000 | D10: ='400K_SR40_Stress'!M5 -> 21628540000000 | E10: ='400K_SR40_Stress'!N5 -> 19.195817 | F10: ='400K_SR40_Stress'!O5 -> 4.6653455 | G10: ='400K_SR40_Stress'!P5 -> 19.754616 | H10: ='400K_SR40_Stress'!Q5 -> 52.004442 | I10: ='400K_SR40_Stress'!R5 -> 2.6325211 | J10: ='400K_SR40_Stress'!S5 -> 0.16929557 | K10: 40 | L10: =H10-G10 -> 32.249826 | M10: =L10*1000000/SQRT(D10) -> 6.9344781
A11: 100C1 | B11: ='400K_SR100_Stress'!K3 -> 123.277 | C11: ='400K_SR100_Stress'!L3 -> 3903980000000 | D11: ='400K_SR100_Stress'!M3 -> 23728400000000 | E11: ='400K_SR100_Stress'!N3 -> 19.820929 | F11: ='400K_SR100_Stress'!O3 -> 4.8865735 | G11: ='400K_SR100_Stress'!P3 -> 20.414402 | H11: ='400K_SR100_Stress'!Q3 -> 58.026484 | I11: ='400K_SR100_Stress'!R3 -> 2.8424288 | J11: ='400K_SR100_Stress'!S3 -> 0.16452774 | K11: 100 | L11: =H11-G11 -> 37.612082 | M11: =L11*1000000/SQRT(D11) -> 7.7213483
A12: 100C2 | B12: ='400K_SR100_Stress'!K4 -> 119.2764 | C12: ='400K_SR100_Stress'!L4 -> 4314250000000 | D12: ='400K_SR100_Stress'!M4 -> 23243440000000 | E12: ='400K_SR100_Stress'!N4 -> 20.836408 | F12: ='400K_SR100_Stress'!O4 -> 4.8363799 | G12: ='400K_SR100_Stress'!P4 -> 21.390336 | H12: ='400K_SR100_Stress'!Q4 -> 56.143401 | I12: ='400K_SR100_Stress'!R4 -> 2.6247087 | J12: ='400K_SR100_Stress'!S4 -> 0.18561151 | K12: 100 | L12: =H12-G12 -> 34.753065 | M12: =L12*1000000/SQRT(D12) -> 7.208467
A13: 100C3 | B13: ='400K_SR100_Stress'!K5 -> 119.9114 | C13: ='400K_SR100_Stress'!L5 -> 3379700000000 | D13: ='400K_SR100_Stress'!M5 -> 23917760000000 | E13: ='400K_SR100_Stress'!N5 -> 18.442054 | F13: ='400K_SR100_Stress'!O5 -> 4.9060329 | G13: ='400K_SR100_Stress'!P5 -> 19.083462 | H13: ='400K_SR100_Stress'!Q5 -> 56.442296 | I13: ='400K_SR100_Stress'!R5 -> 2.957655 | J13: ='400K_SR100_Stress'!S5 -> 0.14130504 | K13: 100 | L13: =H13-G13 -> 37.358834 | M13: =L13*1000000/SQRT(D13) -> 7.6389394
A14: 1000C1 | B14: ='400K_SR1000_Stress'!K3 -> 149.0194 | C14: ='400K_SR1000_Stress'!L3 -> 2715832000000 | D14: ='400K_SR1000_Stress'!M3 -> 31860500000000 | E14: ='400K_SR1000_Stress'!N3 -> 16.531858 | F14: ='400K_SR1000_Stress'!O3 -> 5.6623473 | G14: ='400K_SR1000_Stress'!P3 -> 17.474682 | H14: ='400K_SR1000_Stress'!Q3 -> 70.143432 | I14: ='400K_SR1000_Stress'!R3 -> 4.0140034 | J14: ='400K_SR1000_Stress'!S3 -> 0.085241349 | K14: 1000 | L14: =H14-G14 -> 52.66875 | M14: =L14*1000000/SQRT(D14) -> 9.3309684
A15: 1000C2 | B15: ='400K_SR1000_Stress'!K4 -> 168.1902 | C15: ='400K_SR1000_Stress'!L4 -> 3441940000000 | D15: ='400K_SR1000_Stress'!M4 -> 36401260000000 | E15: ='400K_SR1000_Stress'!N4 -> 18.611092 | F15: ='400K_SR1000_Stress'!O4 -> 6.052411 | G15: ='400K_SR1000_Stress'!P4 -> 19.570499 | H15: ='400K_SR1000_Stress'!Q4 -> 79.167127 | I15: ='400K_SR1000_Stress'!R4 -> 4.0452279 | J15: ='400K_SR1000_Stress'!S4 -> 0.094555518 | K15: 1000 | L15: =H15-G15 -> 59.596628 | M15: =L15*1000000/SQRT(D15) -> 9.877874
A16: 1000C3 | B16: ='400K_SR1000_Stress'!K5 -> 153.9396 | C16: ='400K_SR1000_Stress'!L5 -> 3102704000000 | D16: ='400K_SR1000_Stress'!M5 -> 31598620000000 | E16: ='400K_SR1000_Stress'!N5 -> 17.670156 | F16: ='400K_SR1000_Stress'!O5 -> 5.6390282 | G16: ='400K_SR1000_Stress'!P5 -> 18.548128 | H16: ='400K_SR1000_Stress'!Q5 -> 72.45937 | I16: ='400K_SR1000_Stress'!R5 -> 3.9065598 | J16: ='400K_SR1000_Stress'!S5 -> 0.098191124 | K16: 1000 | L16: =H16-G16 -> 53.911242 | M16: =L16*1000000/SQRT(D16) -> 9.590589
A17: 1e4C1 | B17: ='400K_SR1e4_Stress'!K3 -> 234.5666 | C17: ='400K_SR1e4_Stress'!L3 -> 4558170000000 | D17: ='400K_SR1e4_Stress'!M3 -> 70666750000000 | E17: ='400K_SR1e4_Stress'!N3 -> 21.417337 | F17: ='400K_SR1e4_Stress'!O3 -> 8.4329158 | G17: ='400K_SR1e4_Stress'!P3 -> 23.017741 | H17: ='400K_SR1e4_Stress'!Q3 -> 110.4105 | I17: ='400K_SR1e4_Stress'!R3 -> 4.7967566 | J17: ='400K_SR1e4_Stress'!S3 -> 0.06450233 | K17: 10000 | L17: =H17-G17 -> 87.392758 | M17: =L17*1000000/SQRT(D17) -> 10.396039
A18: 1e4C2 | B18: ='400K_SR1e4_Stress'!K4 -> 233.5924 | C18: ='400K_SR1e4_Stress'!L4 -> 3811575000000 | D18: ='400K_SR1e4_Stress'!M4 -> 63141175000000 | E18: ='400K_SR1e4_Stress'!N4 -> 19.584949 | F18: ='400K_SR1e4_Stress'!O4 -> 7.971252 | G18: ='400K_SR1e4_Stress'!P4 -> 21.145001 | H18: ='400K_SR1e4_Stress'!Q4 -> 109.95194 | I18: ='400K_SR1e4_Stress'!R4 -> 5.1999024 | J18: ='400K_SR1e4_Stress'!S4 -> 0.060365918 | K18: 10000 | L18: =H18-G18 -> 88.806941 | M18: =L18*1000000/SQRT(D18) -> 11.176108
A19: 1e4C3 | B19: ='400K_SR1e4_Stress'!K5 -> 235.0988 | C19: ='400K_SR1e4_Stress'!L5 -> 3060894000000 | D19: ='400K_SR1e4_Stress'!M5 -> 60385350000000 | E19: ='400K_SR1e4_Stress'!N5 -> 17.550696 | F19: ='400K_SR1e4_Stress'!O5 -> 7.7953568 | G19: ='400K_SR1e4_Stress'!P5 -> 19.204024 | H19: ='400K_SR1e4_Stress'!Q5 -> 110.66101 | I19: ='400K_SR1e4_Stress'!R5 -> 5.7623864 | J19: ='400K_SR1e4_Stress'!S5 -> 0.050689348 | K19: 10001 | L19: =H19-G19 -> 91.456981 | M19: =L19*1000000/SQRT(D19) -> 11.769312
I28: 4.0249224 | J28: 1000
I29: 5.098235 | J29: 1300
I30: 6.3504331 | J30: 1900
I31: 8.3852549 | J31: 3000

Sheet tauratio1
A1: StrainRate | B1: TotalStress | C1: RhoI | D1: Rho | E1: TauF1 | F1: TauF2 | G1: TauF | H1: Tau | I1: Tau/TauF | J1: RhoI/Rho | K1: Strainrate | L1: Taup | M1: Taup/Sqrt(rhom)
A2: 10C1 | B2: ='400K_SR10_Stress'!K11 -> 94.37036 | C2: ='400K_SR10_Stress'!L11 -> 4569306000000 | D2: ='400K_SR10_Stress'!M11 -> 20488720000000 | E2: ='400K_SR10_Stress'!N11 -> 21.443483 | F2: ='400K_SR10_Stress'!O11 -> 4.5407503 | G2: ='400K_SR10_Stress'!P11 -> 21.918973 | H2: ='400K_SR10_Stress'!Q11 -> 44.420128 | I2: ='400K_SR10_Stress'!R11 -> 2.0265607 | J2: ='400K_SR10_Stress'!S11 -> 0.22301569 | K2: 10 | L2: =H2-G2 -> 22.501155 | M2: =L2*1000000/SQRT(D2) -> 4.9710417
A3: 10C2 | B3: ='400K_SR10_Stress'!K12 -> 91.44112 | C3: ='400K_SR10_Stress'!L12 -> 3620590000000 | D3: ='400K_SR10_Stress'!M12 -> 20585040000000 | E3: ='400K_SR10_Stress'!N12 -> 19.087976 | F3: ='400K_SR10_Stress'!O12 -> 4.5514111 | G3: ='400K_SR10_Stress'!P12 -> 19.623103 | H3: ='400K_SR10_Stress'!Q12 -> 43.041335 | I3: ='400K_SR10_Stress'!R12 -> 2.1934011 | J3: ='400K_SR10_Stress'!S12 -> 0.17588453 | K3: 10 | L3: =H3-G3 -> 23.418232 | M3: =L3*1000000/SQRT(D3) -> 5.1615276
A4: 10C4 | B4: ='400K_SR10_Stress'!K13 -> 95.77348 | C4: ='400K_SR10_Stress'!L13 -> 5796698000000 | D4: ='400K_SR10_Stress'!M13 -> 21355680000000 | E4: ='400K_SR10_Stress'!N13 -> 24.152414 | F4: ='400K_SR10_Stress'!O13 -> 4.6358237 | G4: ='400K_SR10_Stress'!P13 -> 24.593291 | H4: ='400K_SR10_Stress'!Q13 -> 45.080577 | I4: ='400K_SR10_Stress'!R13 -> 1.8330437 | J4: ='400K_SR10_Stress'!S13 -> 0.27143589 | K4: 10 | L4: =H4-G4 -> 20.487286 | M4: =L4*1000000/SQRT(D4) -> 4.4333062
A5: 20C1 | B5: ='400K_SR20_Stress'!K10 -> 105.8598 | C5: ='400K_SR20_Stress'!L10 -> 4665850000000 | D5: ='400K_SR20_Stress'!M10 -> 21184560000000 | E5: ='400K_SR20_Stress'!N10 -> 21.668837 | F5: ='400K_SR20_Stress'!O10 -> 4.6172132 | G5: ='400K_SR20_Stress'!P10 -> 22.155296 | H5: ='400K_SR20_Stress'!Q10 -> 49.828208 | I5: ='400K_SR20_Stress'!R10 -> 2.2490428 | J5: ='400K_SR20_Stress'!S10 -> 0.22024767 | K5: 20 | L5: =H5-G5 -> 27.672912 | M5: =L5*1000000/SQRT(D5) -> 6.0123622
A6: 20C2 | B6: ='400K_SR20_Stress'!K11 -> 103.65422 | C6: ='400K_SR20_Stress'!L11 -> 4177888000000 | D6: ='400K_SR20_Stress'!M11 -> 21163880000000 | E6: ='400K_SR20_Stress'!N11 -> 20.504473 | F6: ='400K_SR20_Stress'!O11 -> 4.6149591 | G6: ='400K_SR20_Stress'!P11 -> 21.017403 | H6: ='400K_SR20_Stress'!Q11 -> 48.790041 | I6: ='400K_SR20_Stress'!R11 -> 2.3214115 | J6: ='400K_SR20_Stress'!S11 -> 0.19740652 | K6: 20 | L6: =H6-G6 -> 27.772638 | M6: =L6*1000000/SQRT(D6) -> 6.0369765
A7: 20C3 | B7: ='400K_SR20_Stress'!K12 -> 103.3674 | C7: ='400K_SR20_Stress'!L12 -> 3938012000000 | D7: ='400K_SR20_Stress'!M12 -> 21127760000000 | E7: ='400K_SR20_Stress'!N12 -> 19.907133 | F7: ='400K_SR20_Stress'!O12 -> 4.6110192 | G7: ='400K_SR20_Stress'!P12 -> 20.434174 | H7: ='400K_SR20_Stress'!Q12 -> 48.655035 | I7: ='400K_SR20_Stress'!R12 -> 2.381062 | J7: ='400K_SR20_Stress'!S12 -> 0.18639042 | K7: 20 | L7: =H7-G7 -> 28.220861 | M7: =L7*1000000/SQRT(D7) -> 6.1396489
A8: 40C1 | B8: ='400K_SR40_Stress'!K9 -> 114.3706 | C8: ='400K_SR40_Stress'!L9 -> 4072418000000 | D8: ='400K_SR40_Stress'!M9 -> 22298520000000 | E8: ='400K_SR40_Stress'!N9 -> 20.244002 | F8: ='400K_SR40_Stress'!O9 -> 4.7370528 | G8: ='400K_SR40_Stress'!P9 -> 20.790847 | H8: ='400K_SR40_Stress'!Q9 -> 53.834241 | I8: ='400K_SR40_Stress'!R9 -> 2.5893242 | J8: ='400K_SR40_Stress'!S9 -> 0.18263176 | K8: 40 | L8: =H8-G8 -> 33.043395 | M8: =L8*1000000/SQRT(D8) -> 6.9975601
A9: 40C2 | B9: ='400K_SR40_Stress'!K10 -> 109.9654 | C9: ='400K_SR40_Stress'!L10 -> 4449282000000 | D9: ='400K_SR40_Stress'!M10 -> 21780640000000 | E9: ='400K_SR40_Stress'!N10 -> 21.159976 | F9: ='400K_SR40_Stress'!O10 -> 4.681721 | G9: ='400K_SR40_Stress'!P10 -> 21.671712 | H9: ='400K_SR40_Stress'!Q10 -> 51.760714 | I9: ='400K_SR40_Stress'!R10 -> 2.3883999 | J9: ='400K_SR40_Stress'!S10 -> 0.20427692 | K9: 40 | L9: =H9-G9 -> 30.089002 | M9: =L9*1000000/SQRT(D9) -> 6.4472196
A10: 40C3 | B10: ='400K_SR40_Stress'!K11 -> 108.7624 | C10: ='400K_SR40_Stress'!L11 -> 3497148000000 | D10: ='400K_SR40_Stress'!M11 -> 21628180000000 | E10: ='400K_SR40_Stress'!N11 -> 18.759757 | F10: ='400K_SR40_Stress'!O11 -> 4.6653066 | G10: ='400K_SR40_Stress'!P11 -> 19.331156 | H10: ='400K_SR40_Stress'!Q11 -> 51.194462 | I10: ='400K_SR40_Stress'!R11 -> 2.6482877 | J10: ='400K_SR40_Stress'!S11 -> 0.16169405 | K10: 40 | L10: =H10-G10 -> 31.863306 | M10: =L10*1000000/SQRT(D10) -> 6.8514241
A11: 100C1 | B11: ='400K_SR100_Stress'!K9 -> 119.5942 | C11: ='400K_SR100_Stress'!L9 -> 3779372000000 | D11: ='400K_SR100_Stress'!M9 -> 24103540000000 | E11: ='400K_SR100_Stress'!N9 -> 19.502039 | F11: ='400K_SR100_Stress'!O9 -> 4.9250498 | G11: ='400K_SR100_Stress'!P9 -> 20.114315 | H11: ='400K_SR100_Stress'!Q9 -> 56.29299 | I11: ='400K_SR100_Stress'!R9 -> 2.7986532 | J11: ='400K_SR100_Stress'!S9 -> 0.15679738 | K11: 100 | L11: =H11-G11 -> 36.178675 | M11: =L11*1000000/SQRT(D11) -> 7.3690626
A12: 100C2 | B12: ='400K_SR100_Stress'!K10 -> 122.8908 | C12: ='400K_SR100_Stress'!L10 -> 3751540000000 | D12: ='400K_SR100_Stress'!M10 -> 23849300000000 | E12: ='400K_SR100_Stress'!N10 -> 19.430098 | F12: ='400K_SR100_Stress'!O10 -> 4.8990066 | G12: ='400K_SR100_Stress'!P10 -> 20.038188 | H12: ='400K_SR100_Stress'!Q10 -> 57.8447 | I12: ='400K_SR100_Stress'!R10 -> 2.886723 | J12: ='400K_SR100_Stress'!S10 -> 0.15730189 | K12: 100 | L12: =H12-G12 -> 37.806511 | M12: =L12*1000000/SQRT(D12) -> 7.7415654
A13: 100C3 | B13: ='400K_SR100_Stress'!K11 -> 123.1772 | C13: ='400K_SR100_Stress'!L11 -> 3814084000000 | D13: ='400K_SR100_Stress'!M11 -> 24857600000000 | E13: ='400K_SR100_Stress'!N11 -> 19.591394 | F13: ='400K_SR100_Stress'!O11 -> 5.0014946 | G13: ='400K_SR100_Stress'!P11 -> 20.219734 | H13: ='400K_SR100_Stress'!Q11 -> 57.979508 | I13: ='400K_SR100_Stress'!R11 -> 2.8674713 | J13: ='400K_SR100_Stress'!S11 -> 0.15343734 | K13: 100 | L13: =H13-G13 -> 37.759774 | M13: =L13*1000000/SQRT(D13) -> 7.573555
A14: 1000C1 | B14: ='400K_SR1000_Stress'!K10 -> 149.8292 | C14: ='400K_SR1000_Stress'!L10 -> 1667516000000 | D14: ='400K_SR1000_Stress'!M10 -> 27919060000000 | E14: ='400K_SR1000_Stress'!N10 -> 12.954039 | F14: ='400K_SR1000_Stress'!O10 -> 5.3005459 | G14: ='400K_SR1000_Stress'!P10 -> 13.996533 | H14: ='400K_SR1000_Stress'!Q10 -> 70.524604 | I14: ='400K_SR1000_Stress'!R10 -> 5.0387197 | J14: ='400K_SR1000_Stress'!S10 -> 0.059726796 | K14: 1000 | L14: =H14-G14 -> 56.528072 | M14: =L14*1000000/SQRT(D14) -> 10.698275
A15: 1000C2 | B15: ='400K_SR1000_Stress'!K11 -> 173.3622 | C15: ='400K_SR1000_Stress'!L11 -> 1926720000000 | D15: ='400K_SR1000_Stress'!M11 -> 30823060000000 | E15: ='400K_SR1000_Stress'!N11 -> 13.924497 | F15: ='400K_SR1000_Stress'!O11 -> 5.5693958 | G15: ='400K_SR1000_Stress'!P11 -> 14.996992 | H15: ='400K_SR1000_Stress'!Q11 -> 81.601588 | I15: ='400K_SR1000_Stress'!R11 -> 5.4411968 | J15: ='400K_SR1000_Stress'!S11 -> 0.062509044 | K15: 1000 | L15: =H15-G15 -> 66.604595 | M15: =L15*1000000/SQRT(D15) -> 11.996825
A16: 1000C3 | B16: ='400K_SR1000_Stress'!K12 -> 145.9374 | C16: ='400K_SR1000_Stress'!L12 -> 1447284000000 | D16: ='400K_SR1000_Stress'!M12 -> 26524880000000 | E16: ='400K_SR1000_Stress'!N12 -> 12.068328 | F16: ='400K_SR1000_Stress'!O12 -> 5.1665058 | G16: ='400K_SR1000_Stress'!P12 -> 13.127731 | H16: ='400K_SR1000_Stress'!Q12 -> 68.692734 | I16: ='400K_SR1000_Stress'!R12 -> 5.2326435 | J16: ='400K_SR1000_Stress'!S12 -> 0.054563263 | K16: 1000 | L16: =H16-G16 -> 55.565004 | M16: =L16*1000000/SQRT(D16) -> 10.788837
A17: 1e4C1 | B17: ='400K_SR1e4_Stress'!K11 -> 251.3294 | C17: ='400K_SR1e4_Stress'!L11 -> 1757734000000 | D17: ='400K_SR1e4_Stress'!M11 -> 48671320000000 | E17: ='400K_SR1e4_Stress'!N11 -> 13.299851 | F17: ='400K_SR1e4_Stress'!O11 -> 6.998529 | G17: ='400K_SR1e4_Stress'!P11 -> 15.028821 | H17: ='400K_SR1e4_Stress'!Q11 -> 118.30075 | I17: ='400K_SR1e4_Stress'!R11 -> 7.8715922 | J17: ='400K_SR1e4_Stress'!S11 -> 0.036114369 | K17: 10000 | L17: =H17-G17 -> 103.27193 | M17: =L17*1000000/SQRT(D17) -> 14.802863
A18: 1e4C2 | B18: ='400K_SR1e4_Stress'!K12 -> 243.1692 | C18: ='400K_SR1e4_Stress'!L12 -> 2235864000000 | D18: ='400K_SR1e4_Stress'!M12 -> 55725020000000 | E18: ='400K_SR1e4_Stress'!N12 -> 15.000057 | F18: ='400K_SR1e4_Stress'!O12 -> 7.4885084 | G18: ='400K_SR1e4_Stress'!P12 -> 16.765424 | H18: ='400K_SR1e4_Stress'!Q12 -> 114.45974 | I18: ='400K_SR1e4_Stress'!R12 -> 6.8271306 | J18: ='400K_SR1e4_Stress'!S12 -> 0.040123162 | K18: 10000 | L18: =H18-G18 -> 97.694318 | M18: =L18*1000000/SQRT(D18) -> 13.087123
A19: 1e4C3 | B19: ='400K_SR1e4_Stress'!K13 -> 255.0352 | C19: ='400K_SR1e4_Stress'!L13 -> 1999528000000 | D19: ='400K_SR1e4_Stress'!M13 -> 52577920000000 | E19: ='400K_SR1e4_Stress'!N13 -> 14.185151 | F19: ='400K_SR1e4_Stress'!O13 -> 7.2739767 | G19: ='400K_SR1e4_Stress'!P13 -> 15.941431 | H19: ='400K_SR1e4_Stress'!Q13 -> 120.04507 | I19: ='400K_SR1e4_Stress'!R13 -> 7.530382 | J19: ='400K_SR1e4_Stress'!S13 -> 0.038029804 | K19: 10001 | L19: =H19-G19 -> 104.10364 | M19: =L19*1000000/SQRT(D19) -> 14.357017

Sheet Fitting
A1: 0 | B1: 100
A2: 1.02 | B2: 120
A3: 2.663 | B3: 1000
A4: 3.2199 | B4: 1300
A5: 4.316 | B5: 1900
A6: 6.03 | B6: 3000
C7: =23000000/SQRT(500000000000000) -> 1.0285913 | D7: =361.2*EXP(C7*0.2547) -> 469.38063
D8: =115.48*C7^1.52 -> 120.53575
A20: =11.91/SQRT(20000000000000)*1000000 -> 2.663157
A21: =14400000/SQRT(20000000000000) -> 3.2199379
A22: =19300000/SQRT(20000000000000) -> 4.3156112
A23: =27000000/SQRT(20000000000000) -> 6.0373835
